PROPERTY_TOTAL_VALUE,AREA_EN,ACTUAL_AREA,PROCEDURE_YEAR,PROCEDURE_NUMBER,INSTANCE_DATE,ACTUAL_WORTH,PROCEDURE_AREA,PROPERTY_TYPE_EN,PROP_SUB_TYPE_EN
18859,Mankhool,1752.15,2026,2862,24-06-2026 8.16,18859,1752.15,Land,Commercial
54024,Saih Shuaib 2,16.73,2026,831,05-02-2026 11.04,54024,16.73,Land,
63028,Saih Shuaib 3,16.73,2026,832,05-02-2026 11.11,63028,16.73,Land,
100131,Madinat Hind 4,37.21,2026,840,05-02-2026 11.38,100131,37.21,Land,
100320,Al Yelayiss 2,37.28,2026,838,05-02-2026 11.30,100320,37.28,Land,
105136,Al Yufrah 1,39.07,2026,837,05-02-2026 11.25,105136,39.07,Land,Government Housing
143122,Al Hebiah Sixth,37.99,2026,833,05-02-2026 11.16,143122,37.99,Land,
185225,Al Thanyah First,43.02,2026,829,05-02-2026 10.58,185225,43.02,Land,
269098,Al Qusais Industrial Fifth,100,2026,934,10-02-2026 11.20,269098,100,Land,
302364,Al Warsan First,45,2026,41,05-01-2026 8.44,302363.68,45,Unit,Flat
304653,Al Warsan First,44,2026,2649,09-06-2026 8.47,304653.23,44,Unit,Flat
308870,Me'Aisem First,114.78,2026,835,05-02-2026 11.21,308870,114.78,Land,
321771,Muhaisanah Second,45.99,2026,1005,12-02-2026 10.34,321771,45.99,Land,
352755,Warsan Fourth,36.04,2026,2045,20-04-2026 15.17,352755.26,36.04,Unit,Flat
450167,Me'Aisem First,49.08,2026,78,05-01-2026 21.27,450167.15,49.08,Unit,Flat
467286,Me'Aisem First,51.94,2026,2,02-01-2026 7.53,467285.5,51.94,Unit,Flat
467387,Me'Aisem First,51.94,2026,132,06-01-2026 21.29,467386.54,51.94,Unit,Flat
470977,Nadd Hessa,52.86,2026,2466,20-05-2026 9.55,470977.07,52.86,Unit,Office
471159,Nadd Hessa,45.58,2026,1108,16-02-2026 15.40,471159.41,45.58,Unit,Flat
474366,Me'Aisem First,52.76,2026,77,05-01-2026 21.24,474366.36,52.76,Unit,Flat
476020,Me'Aisem First,53.12,2026,128,06-01-2026 21.16,476020.36,53.12,Unit,Flat
476776,Me'Aisem First,53.1,2026,131,06-01-2026 21.26,476776.34,53.1,Unit,Flat
476875,Me'Aisem First,53.1,2026,195,08-01-2026 20.53,476875.19,53.1,Unit,Flat
477052,Nadd Hessa,45.87,2026,1105,16-02-2026 15.13,477051.86,45.87,Unit,Flat
477943,Me'Aisem First,53.51,2026,123,06-01-2026 21.04,477943.13,53.51,Unit,Flat
479192,Me'Aisem First,53.5,2026,193,08-01-2026 20.49,479192.06,53.5,Unit,Flat
480045,Me'Aisem First,53.49,2026,199,08-01-2026 21.02,480044.56,53.49,Unit,Flat
480144,Me'Aisem First,53.49,2026,80,05-01-2026 21.33,480144.14,53.49,Unit,Flat
483230,Me'Aisem First,54.26,2026,111,06-01-2026 20.29,483229.76,54.26,Unit,Flat
484362,Me'Aisem First,54.26,2026,206,08-01-2026 21.17,484361.94,54.26,Unit,Flat
487754,Me'Aisem First,54.49,2026,82,05-01-2026 21.38,487754.33,54.49,Unit,Flat
489155,Al Warsan First,85,2026,38,05-01-2026 8.23,489155.01,85,Unit,Flat
495635,Me'Aisem First,55.64,2026,1,02-01-2026 7.47,495635.2,55.64,Unit,Flat
495815,Me'Aisem First,55.64,2026,76,05-01-2026 21.21,495814.97,55.64,Unit,Flat
495815,Me'Aisem First,55.64,2026,75,05-01-2026 21.18,495814.97,55.64,Unit,Flat
496791,Me'Aisem First,55.66,2026,129,06-01-2026 21.18,496790.93,55.66,Unit,Flat
496971,Me'Aisem First,55.66,2026,341,14-01-2026 10.13,496970.76,55.66,Unit,Flat
497556,Me'Aisem First,55.87,2026,209,08-01-2026 21.24,497555.88,55.87,Unit,Flat
497585,Me'Aisem First,55.9,2026,212,08-01-2026 21.30,497585.03,55.9,Unit,Flat
497674,Me'Aisem First,55.91,2026,338,14-01-2026 10.07,497674.04,55.91,Unit,Flat
497674,Me'Aisem First,55.91,2026,213,08-01-2026 21.35,497674.04,55.91,Unit,Flat
497674,Me'Aisem First,55.91,2026,194,08-01-2026 20.51,497674.04,55.91,Unit,Flat
497674,Me'Aisem First,55.91,2026,201,08-01-2026 21.08,497674.04,55.91,Unit,Flat
497736,Me'Aisem First,55.87,2026,68,05-01-2026 20.23,497736.39,55.87,Unit,Flat
497766,Me'Aisem First,55.9,2026,67,05-01-2026 20.17,497765.63,55.9,Unit,Flat
497855,Me'Aisem First,55.91,2026,112,06-01-2026 20.31,497854.68,55.91,Unit,Flat
497855,Me'Aisem First,55.91,2026,71,05-01-2026 20.43,497854.68,55.91,Unit,Flat
497855,Me'Aisem First,55.91,2026,70,05-01-2026 20.36,497854.68,55.91,Unit,Flat
497855,Me'Aisem First,55.91,2026,69,05-01-2026 20.30,497854.68,55.91,Unit,Flat
498915,Me'Aisem First,55.97,2026,192,08-01-2026 20.46,498914.71,55.97,Unit,Flat
499000,Al Barsha South Fourth,36.31,2026,2276,06-05-2026 12.08,499000,36.31,Unit,Flat
499096,Me'Aisem First,55.97,2026,113,06-01-2026 20.34,499095.55,55.97,Unit,Flat
501882,Me'Aisem First,56.39,2026,207,08-01-2026 21.19,501881.86,56.39,Unit,Flat
501916,Me'Aisem First,56.39,2026,339,14-01-2026 10.10,501916.46,56.39,Unit,Flat
502324,Me'Aisem First,56.39,2026,197,08-01-2026 20.58,502324.38,56.39,Unit,Flat
502359,Me'Aisem First,56.39,2026,5,02-01-2026 8.06,502358.97,56.39,Unit,Flat
502731,Al Qusais Industrial Fifth,64.07,2026,2826,22-06-2026 8.55,502730.63,64.07,Unit,Flat
506815,Me'Aisem First,57.94,2026,125,06-01-2026 21.09,506814.66,57.94,Unit,Flat
507127,Me'Aisem First,57.95,2026,115,06-01-2026 20.41,507127.33,57.95,Unit,Flat
508067,Me'Aisem First,57.53,2026,74,05-01-2026 21.16,508066.88,57.53,Unit,Flat
508224,Me'Aisem First,57.53,2026,198,08-01-2026 21.00,508224.24,57.53,Unit,Flat
508759,Me'Aisem First,57.94,2026,204,08-01-2026 21.12,508759.05,57.94,Unit,Flat
508759,Me'Aisem First,57.94,2026,203,08-01-2026 21.10,508759.05,57.94,Unit,Flat
508889,Me'Aisem First,57.94,2026,196,08-01-2026 20.55,508888.95,57.94,Unit,Flat
508981,Me'Aisem First,58.18,2026,122,06-01-2026 21.02,508980.79,58.18,Unit,Flat
509156,Me'Aisem First,58.2,2026,116,06-01-2026 20.43,509155.75,58.2,Unit,Flat
509554,Me'Aisem First,58.27,2026,124,06-01-2026 21.07,509554.13,58.27,Unit,Flat
509776,Me'Aisem First,57.91,2026,81,05-01-2026 21.36,509776.11,57.91,Unit,Flat
509935,Me'Aisem First,57.91,2026,208,08-01-2026 21.22,509934.51,57.91,Unit,Flat
510214,Me'Aisem First,58.08,2026,190,08-01-2026 20.40,510214.07,58.08,Unit,Flat
510569,Al Barsha South Fifth,39.53,2026,2070,22-04-2026 5.02,510569.28,39.53,Unit,Flat
510862,Wadi Al Safa 2,77.71,2026,183,08-01-2026 13.09,510861.78,77.71,Unit,Flat
510933,Me'Aisem First,58.18,2026,127,06-01-2026 21.13,510933.24,58.18,Unit,Flat
510933,Me'Aisem First,58.18,2026,126,06-01-2026 21.11,510933.24,58.18,Unit,Flat
510933,Me'Aisem First,58.18,2026,210,08-01-2026 21.26,510933.24,58.18,Unit,Flat
510933,Me'Aisem First,58.18,2026,211,08-01-2026 21.28,510933.24,58.18,Unit,Flat
510938,Business Bay,27.05,2026,2613,05-06-2026 10.00,510937.73,27.05,Unit,Office
511064,Me'Aisem First,58.18,2026,117,06-01-2026 20.46,511063.67,58.18,Unit,Flat
511064,Me'Aisem First,58.18,2026,121,06-01-2026 20.55,511063.67,58.18,Unit,Flat
511064,Me'Aisem First,58.18,2026,135,06-01-2026 21.43,511063.67,58.18,Unit,Flat
511064,Me'Aisem First,58.18,2026,133,06-01-2026 21.37,511063.67,58.18,Unit,Flat
511109,Me'Aisem First,58.2,2026,191,08-01-2026 20.44,511108.87,58.2,Unit,Flat
511239,Me'Aisem First,58.2,2026,118,06-01-2026 20.49,511239.35,58.2,Unit,Flat
511510,Me'Aisem First,58.27,2026,205,08-01-2026 21.14,511509.6,58.27,Unit,Flat
518480,Jabal Ali First,37.17,2026,1480,13-03-2026 5.15,518480.32,37.17,Unit,Flat
520070,Me'Aisem First,59.67,2026,83,05-01-2026 21.44,520069.96,59.67,Unit,Flat
521695,Jabal Ali,45,2026,540,22-01-2026 9.08,521695.04,45,Unit,Flat
523379,Madinat Hind 4,39.31,2026,480,20-01-2026 10.36,523378.87,39.31,Unit,Flat
523591,Me'Aisem First,40.19,2026,2833,22-06-2026 10.59,523590.77,40.19,Unit,Flat
524838,Me'Aisem First,60.44,2026,120,06-01-2026 20.53,524838.12,60.44,Unit,Flat
525047,Me'Aisem First,60.19,2026,3,02-01-2026 7.57,525046.97,60.19,Unit,Flat
525239,Me'Aisem First,60.19,2026,130,06-01-2026 21.20,525239.26,60.19,Unit,Flat
526225,Me'Aisem First,60.23,2026,134,06-01-2026 21.40,526225.04,60.23,Unit,Flat
526538,Al Hebiah Fourth,44.47,2026,2736,16-06-2026 12.15,526538,44.47,Unit,Flat
539246,Al Warsan First,77.63,2026,2600,04-06-2026 13.19,539245.98,77.63,Unit,Flat
540849,Me'Aisem First,60.59,2026,119,06-01-2026 20.51,540848.8,60.59,Unit,Flat
541684,Me'Aisem First,60.59,2026,4,02-01-2026 7.59,541684.15,60.59,Unit,Flat
555937,Al Barsha South Fourth,55.49,2026,2763,17-06-2026 12.27,555937.21,55.49,Unit,Flat
556608,Me'Aisem First,55.13,2026,2927,25-06-2026 11.48,556608.21,55.13,Unit,Flat
561687,Me'Aisem First,40.96,2026,2952,26-06-2026 10.21,561687,40.96,Unit,Flat
563051,Me'Aisem First,66.62,2026,79,05-01-2026 21.31,563050.54,66.62,Unit,Flat
564941,Me'Aisem First,67.36,2026,114,06-01-2026 20.39,564941.03,67.36,Unit,Flat
572215,Business Bay,27.31,2026,248,12-01-2026 10.39,572215.09,27.31,Unit,Office
583150,Al Qusais Industrial Fifth,77.71,2026,2979,29-06-2026 10.02,583149.97,77.71,Unit,Flat
583452,Al Barshaa South Second,38.73,2026,662,28-01-2026 12.47,583451.96,38.73,Unit,Flat
586232,Nadd Hessa,75.12,2026,1291,26-02-2026 9.38,586232.22,75.12,Unit,Flat
590161,Wadi Al Safa 5,60.28,2026,2994,29-06-2026 13.39,590160.74,60.28,Unit,Flat
606565,Madinat Al Mataar,59.7,2026,2290,07-05-2026 12.19,606565.29,59.7,Unit,Flat
607504,Al Muteena,125.42,2026,891,09-02-2026 11.25,607504,125.42,Land,Commercial
608025,Al Hebiah Fifth,54.1,2026,2966,26-06-2026 12.12,608025.17,54.1,Unit,Flat
613321,Nadd Hessa,79.45,2026,1292,26-02-2026 9.45,613320.64,79.45,Unit,Flat
624545,Jabal Ali,45,2026,2757,17-06-2026 9.56,624545.02,45,Unit,Flat
625948,Nadd Hessa,79.11,2026,1281,25-02-2026 12.31,625947.97,79.11,Unit,Flat
635366,Al Barsha South Fourth,69.74,2026,1257,24-02-2026 13.09,635365.76,69.74,Unit,Flat
645091,Al Barsha South Fifth,29.26,2026,2616,05-06-2026 11.11,645091.01,29.26,Unit,Hotel Rooms
645793,Me'Aisem First,67.02,2026,2775,17-06-2026 16.06,645793,67.02,Unit,Flat
649009,Al Muteena,120.59,2026,785,03-02-2026 16.23,649009,120.59,Land,Commercial
656088,Nadd Hessa,78.56,2026,1293,26-02-2026 9.52,656087.77,78.56,Unit,Flat
658917,Business Bay,29.2,2026,2738,16-06-2026 13.00,658916.72,29.2,Unit,Office
658917,Business Bay,29.2,2026,2762,17-06-2026 12.23,658916.72,29.2,Unit,Office
670103,Al Barshaa South Third,83.06,2026,272,12-01-2026 16.33,670103.28,83.06,Unit,Flat
675558,Al Thanyah First,36.34,2026,2823,21-06-2026 17.55,675557.54,36.34,Unit,Flat
682396,Nadd Hessa,89.92,2026,1373,04-03-2026 11.25,682395.72,89.92,Unit,Flat
682496,Abu Hail,181.16,2026,2237,05-05-2026 7.55,682496,181.16,Land,Residential
683022,Business Bay,39.85,2026,2768,17-06-2026 13.26,683022.11,39.85,Unit,Flat
684803,Business Bay,29.2,2026,1015,12-02-2026 12.33,684803.14,29.2,Unit,Office
709966,Al Hebiah Fifth,65.72,2026,2967,26-06-2026 12.18,709965.56,65.72,Unit,Flat
712742,Business Bay,38.31,2026,1155,18-02-2026 12.39,712741.5,38.31,Unit,Flat
716056,Rega Al Buteen,85.75,2026,299,13-01-2026 11.34,716055.85,85.75,Unit,Flat
722137,Wadi Al Safa 5,100.98,2026,2217,02-05-2026 14.21,722136.63,100.98,Unit,Flat
726415,Al Hebiah Fourth,86.01,2026,292,13-01-2026 11.11,726415.17,86.01,Unit,Flat
728115,Al Qusais Industrial Fifth,96.61,2026,2980,29-06-2026 10.05,728114.51,96.61,Unit,Flat
733204,Al Hebiah Fourth,87.12,2026,296,13-01-2026 11.21,733203.5,87.12,Unit,Flat
737904,Al Barshaa South Third,58.18,2026,584,23-01-2026 21.15,737904.25,58.18,Unit,Office
740149,Jabal Ali,78,2026,877,07-02-2026 17.46,740148.58,78,Unit,Flat
744795,Al Hebiah Fourth,89.21,2026,286,13-01-2026 10.39,744794.99,89.21,Unit,Flat
745706,Al Hebiah Fourth,89.21,2026,289,13-01-2026 10.55,745706.03,89.21,Unit,Flat
745748,Al Hebiah Fourth,89.21,2026,284,13-01-2026 10.29,745747.78,89.21,Unit,Flat
747083,Al Hebiah Fourth,89.21,2026,298,13-01-2026 11.25,747082.97,89.21,Unit,Flat
747294,Al Hebiah Fourth,89.21,2026,291,13-01-2026 11.07,747293.75,89.21,Unit,Flat
748589,Al Hebiah Fourth,89.79,2026,290,13-01-2026 11.01,748589.1,89.79,Unit,Flat
757113,Al Merkadh,29.07,2026,1973,16-04-2026 15.51,757112.5,29.07,Unit,Flat
758221,Al Hebiah Fourth,92.18,2026,297,13-01-2026 11.23,758220.71,92.18,Unit,Flat
758715,Al Barsha South Fourth,23.14,2026,2860,23-06-2026 21.56,758714.77,23.14,Unit,Hotel Rooms
759410,Al Hebiah Fourth,92.34,2026,294,13-01-2026 11.17,759409.71,92.34,Unit,Flat
760788,Al Hebiah Fourth,90.38,2026,2824,21-06-2026 22.43,760788,90.38,Unit,Flat
763961,Al Qusais Industrial Fifth,101.79,2026,2831,22-06-2026 9.19,763960.86,101.79,Unit,Flat
777625,Al Yelayiss 2,44.54,2026,2050,21-04-2026 8.20,777624.68,44.54,Unit,Flat
778929,Nadd Hessa,97.26,2026,1289,26-02-2026 9.19,778928.75,97.26,Unit,Flat
780452,Nadd Hessa,97.26,2026,1290,26-02-2026 9.29,780452.27,97.26,Unit,Flat
781849,Al Hebiah Fourth,93.63,2026,288,13-01-2026 10.48,781849.17,93.63,Unit,Flat
781915,Nadd Hessa,97.26,2026,1288,26-02-2026 9.13,781915.28,97.26,Unit,Flat
782175,Al Hebiah Fourth,93.63,2026,287,13-01-2026 10.43,782174.7,93.63,Unit,Flat
784149,Al Hebiah Fourth,94.2,2026,293,13-01-2026 11.14,784148.5,94.2,Unit,Flat
787681,Al Thanyah Third,40.18,2026,2655,09-06-2026 9.45,787681.36,40.18,Unit,Flat
798464,Al Hebiah Third,43.67,2026,109,06-01-2026 19.49,798464.16,43.67,Unit,Hotel Rooms
798518,Business Bay,37.86,2026,367,14-01-2026 13.19,798518.23,37.86,Unit,Flat
800000,Wadi Al Safa 3,35.97,2026,1382,04-03-2026 14.06,800000,35.97,Unit,Flat
812463,Warsan Fourth,77.75,2026,1915,13-04-2026 14.37,812462.51,77.75,Unit,Flat
820360,Wadi Al Safa 5,115.86,2026,1246,24-02-2026 12.03,820359.69,115.86,Unit,Flat
826027,Al Thanyah First,51,2026,1031,12-02-2026 18.38,826027.44,51,Unit,Flat
827258,Al Barsha South Fourth,63.95,2026,2079,22-04-2026 10.45,827257.69,63.95,Unit,Flat
834981,Jabal Ali,91,2026,2354,12-05-2026 14.27,834981.41,91,Unit,Flat
841501,Al Barshaa South Third,68.64,2026,1559,18-03-2026 19.02,841500.72,68.64,Unit,Flat
842422,Me'Aisem First,90.82,2026,2774,17-06-2026 15.47,842422.39,90.82,Unit,Flat
844839,Al Hebiah Fifth,93.73,2026,1297,26-02-2026 11.24,844839.27,93.73,Unit,Flat
847657,Jabal Ali,89,2026,2444,19-05-2026 12.55,847657.36,89,Unit,Flat
854676,Nadd Hessa,84.73,2026,1695,31-03-2026 10.33,854675.73,84.73,Unit,Flat
862329,Wadi Al Safa 5,117.19,2026,2560,03-06-2026 8.22,862329.03,117.19,Unit,Flat
874572,Business Bay,49.59,2026,249,12-01-2026 10.47,874572.33,49.59,Unit,Office
877158,Al Barsha South Fourth,56.55,2026,1214,23-02-2026 12.58,877157.53,56.55,Unit,Flat
878906,Um Hurair Second,51.76,2026,2006,17-04-2026 12.17,878906.47,51.76,Unit,Flat
882529,Al Hebiah Fourth,101.01,2026,1508,16-03-2026 10.28,882528.92,101.01,Unit,Flat
886691,Al Barshaa South Third,79.47,2026,2114,23-04-2026 15.49,886691.33,79.47,Unit,Flat
887456,Al Barsha South Fourth,72.05,2026,1633,26-03-2026 1.25,887455.98,72.05,Unit,Flat
891315,Al Barsha South Fourth,57.37,2026,1208,23-02-2026 12.44,891315.29,57.37,Unit,Flat
892437,Jabal Ali,81,2026,2743,16-06-2026 14.47,892437.25,81,Unit,Flat
893541,Um Hurair Second,52.62,2026,2010,17-04-2026 12.35,893540.98,52.62,Unit,Flat
895803,Al Barsha South Fourth,57.39,2026,1215,23-02-2026 13.02,895803.42,57.39,Unit,Flat
896374,Jabal Ali,81,2026,2758,17-06-2026 10.02,896373.78,81,Unit,Flat
897330,Al Barsha South Fourth,57.46,2026,1207,23-02-2026 12.40,897329.96,57.46,Unit,Flat
906875,Al Qusais Industrial Fifth,120.92,2026,2829,22-06-2026 9.07,906875.31,120.92,Unit,Flat
906875,Al Qusais Industrial Fifth,120.92,2026,2828,22-06-2026 9.03,906875.31,120.92,Unit,Flat
912753,Dubai Investment Park Second,143.03,2026,138,07-01-2026 9.08,912753.13,143.03,Unit,Flat
916532,Al Barsha South Fourth,72.34,2026,2960,26-06-2026 11.44,916531.96,72.34,Unit,Flat
916910,Al Barsha South Fourth,100.89,2026,99,06-01-2026 13.41,916909.98,100.89,Unit,Flat
922081,Business Bay,44.48,2026,2445,19-05-2026 13.21,922081.43,44.48,Unit,Hotel Rooms
924976,Al Barshaa South Third,75.37,2026,1777,06-04-2026 11.31,924976.49,75.37,Unit,Flat
930838,Marsa Dubai,47.73,2026,1793,07-04-2026 8.23,930838.18,47.73,Unit,Flat
931228,Al Raffa,144.19,2026,2554,02-06-2026 15.16,931228,144.19,Land,Commercial
936840,Al Barsha South Fourth,75.13,2026,2078,22-04-2026 10.36,936840.49,75.13,Unit,Flat
958032,Business Bay,46.51,2026,2802,18-06-2026 15.08,958031.78,46.51,Unit,Hotel Rooms
958218,Al Hebiah Fourth,112.37,2026,2654,09-06-2026 9.41,958217.83,112.37,Unit,Flat
960778,Business Bay,43.82,2026,305,13-01-2026 13.32,960777.73,43.82,Unit,Flat
962216,Marsa Dubai,41.42,2026,1486,13-03-2026 11.20,962216.11,41.42,Unit,Flat
963565,Business Bay,43.99,2026,302,13-01-2026 12.42,963565.35,43.99,Unit,Flat
963975,Um Hurair Second,57.09,2026,1874,09-04-2026 15.53,963975.36,57.09,Unit,Flat
964754,Um Hurair Second,57.27,2026,2000,17-04-2026 11.51,964753.89,57.27,Unit,Flat
964754,Um Hurair Second,57.27,2026,2009,17-04-2026 12.31,964753.89,57.27,Unit,Flat
965157,Um Hurair Second,57.16,2026,2005,17-04-2026 12.12,965157.33,57.16,Unit,Flat
978559,Al Barsha South Fourth,87.81,2026,452,19-01-2026 9.28,978559.15,87.81,Unit,Flat
982452,Al Jadaf,67.78,2026,172,08-01-2026 11.07,982452.03,67.78,Unit,Flat
988287,Al Barsha South Fourth,61.21,2026,866,06-02-2026 11.11,988287,61.21,Unit,Flat
990286,Wadi Al Safa 2,157.23,2026,37,04-01-2026 19.15,990285.94,157.23,Unit,Flat
992216,Al Murqabat,167.6,2026,2703,11-06-2026 12.11,992216,167.6,Land,Commercial
1000000,Al Muteena,183.95,2026,1623,25-03-2026 10.41,1000000,183.95,Land,Commercial
1000000,Wadi Al Safa 5,88.86,2026,2227,04-05-2026 10.58,1000000,88.86,Unit,Flat
1001097,Hor Al Anz,185.81,2026,1533,17-03-2026 11.15,1001097,186.01,Land,Residential
1004667,Business Bay,48.42,2026,2451,19-05-2026 14.16,1004666.9,48.42,Unit,Hotel Rooms
1010307,Al Barshaa South Third,84.15,2026,583,23-01-2026 21.11,1010307.35,84.15,Unit,Office
1018258,Me'Aisem First,129.14,2026,1481,13-03-2026 9.22,1018258.33,129.14,Unit,Flat
1023494,Al Hebiah Second,68.13,2026,2926,25-06-2026 11.29,1023493.56,68.13,Unit,Flat
1024076,Al Thanyah Fifth,66.53,2026,2369,13-05-2026 18.33,1024076.24,66.53,Unit,Flat
1033109,Al Hebiah Fourth,112.48,2026,1483,13-03-2026 9.31,1033109.14,112.48,Unit,Flat
1035916,Business Bay,37.9,2026,1560,19-03-2026 10.46,1035915.59,37.9,Unit,Flat
1053419,Ras Al Khor Industrial Third,767104.49,2026,2393,15-05-2026 14.26,1053419,1053419.02,Land,Amusement Park
1055745,Warsan Fourth,105.82,2026,1914,13-04-2026 14.33,1055745.02,105.82,Unit,Flat
1064414,Business Bay,68.53,2026,731,02-02-2026 12.53,1064413.52,68.53,Unit,Office
1073681,Al Qusais Industrial Fifth,152.15,2026,2981,29-06-2026 10.11,1073680.56,152.15,Unit,Flat
1074355,Al Merkadh,55.45,2026,1413,09-03-2026 9.31,1074355.39,55.45,Unit,Flat
1079352,Hadaeq Sheikh Mohammed Bin Rashid,44.21,2026,2664,09-06-2026 12.41,1079352.22,44.21,Unit,Flat
1080007,Al Muteena,250.84,2026,900,09-02-2026 12.51,1080007,250.84,Land,Commercial
1085481,Al Jadaf,75.75,2026,620,26-01-2026 13.50,1085481.04,75.75,Unit,Flat
1097950,Al Hebiah Fourth,136.27,2026,2222,04-05-2026 8.44,1097949.85,136.27,Unit,Flat
1100022,Al Muteena,185.81,2026,59,05-01-2026 13.30,1100022,185.81,Land,Commercial
1109712,Wadi Al Safa 4,130,2026,461,19-01-2026 10.20,1109711.57,130,Unit,Flat
1112581,Al Yelayiss 2,81.89,2026,2324,12-05-2026 8.42,1112580.8,81.89,Unit,Flat
1123751,Hor Al Anz,232.25,2026,1165,19-02-2026 10.40,1123751,232,Land,Residential
1124476,Al Thanyah Fifth,70.09,2026,2714,12-06-2026 10.35,1124475.79,70.09,Unit,Flat
1125011,Hor Al Anz,232.26,2026,1166,19-02-2026 10.52,1125011,232.26,Land,Residential
1127353,Al Thanyah Third,63.19,2026,460,19-01-2026 10.14,1127353.48,63.19,Unit,Flat
1127683,Marsa Dubai,77.04,2026,1505,16-03-2026 9.56,1127682.62,77.04,Unit,Flat
1128245,Al Hebiah Fourth,135.06,2026,1510,16-03-2026 10.52,1128245.07,135.06,Unit,Flat
1131111,Um Hurair Second,68.35,2026,1996,17-04-2026 11.34,1131111.49,68.35,Unit,Flat
1132130,Al Qusais Industrial Fifth,153.81,2026,2827,22-06-2026 9.00,1132130.37,153.81,Unit,Flat
1135480,Al Thanyah Fifth,80.04,2026,1482,13-03-2026 9.26,1135479.93,80.04,Unit,Office
1136840,World Islands,37.72,2026,2387,15-05-2026 8.36,1136840,37.72,Unit,Hotel Rooms
1151393,Hor Al Anz,178.28,2026,2842,22-06-2026 14.16,1151393,178.28,Land,Residential
1154166,Um Hurair Second,67.89,2026,2011,17-04-2026 12.39,1154166.46,67.89,Unit,Flat
1157463,Al Merkadh,49.26,2026,2514,22-05-2026 12.08,1157463.45,49.26,Unit,Flat
1159209,Um Hurair Second,70.05,2026,1999,17-04-2026 11.47,1159208.93,70.05,Unit,Flat
1176411,Al Barsha South Fourth,119.38,2026,2776,17-06-2026 16.45,1176411.03,119.38,Unit,Flat
1177387,Business Bay,80.91,2026,843,05-02-2026 14.14,1177386.69,80.91,Unit,Flat
1182532,Al Barsha South Fourth,86.47,2026,451,19-01-2026 9.24,1182532.17,86.47,Unit,Flat
1184354,Burj Khalifa,59.06,2026,1822,08-04-2026 12.23,1184354.18,59.06,Unit,Office
1184547,Um Hurair Second,71.49,2026,2001,17-04-2026 11.56,1184546.73,71.49,Unit,Flat
1187607,Al Jadaf,65.65,2026,2115,23-04-2026 19.03,1187606.88,65.65,Unit,Flat
1191581,Warsan Fourth,120.7,2026,1916,13-04-2026 14.39,1191581.47,120.7,Unit,Flat
1194255,Al Hebiah Fourth,110.95,2026,1158,18-02-2026 12.44,1194255,110.95,Unit,Flat
1199981,Al Barshaa South Second,79.63,2026,2715,12-06-2026 10.47,1199981,79.63,Unit,Flat
1200000,Al Twar Fourth,529.58,2026,2747,16-06-2026 15.29,1200000,529.58,Land,Residential
1200000,Al Waheda,232.26,2026,1557,18-03-2026 15.18,1200000,232.26,Land,Residential
1200000,Hor Al Anz,278.71,2026,2592,04-06-2026 10.41,1200000,278.71,Land,Residential
1200000,Al Rashidiya,215.54,2026,1686,31-03-2026 9.20,1200000,215.54,Land,Residential
1200000,Al Rashidiya,215.54,2026,849,05-02-2026 15.03,1200000,215.54,Land,Residential
1200000,Jabal Ali First,111.05,2026,1394,05-03-2026 12.07,1200000,111.05,Unit,Flat
1206285,Al Barshaa South Third,76,2026,1473,12-03-2026 12.14,1206284.87,76,Unit,Flat
1210000,Al Barsha South Fifth,64.45,2026,1360,03-03-2026 12.00,1210000,64.45,Unit,Flat
1240270,Al Thanyah Third,73.34,2026,459,19-01-2026 10.10,1240270.15,73.34,Unit,Flat
1244184,Marsa Dubai,87.46,2026,418,15-01-2026 22.01,1244183.63,87.46,Unit,Flat
1245195,Jabal Ali First,98.21,2026,2473,20-05-2026 12.48,1245195.29,98.21,Unit,Flat
1265017,Hor Al Anz,213.68,2026,1132,17-02-2026 10.09,1265017,213.68,Land,Residential
1269858,Al Yelayiss 2,91.31,2026,1488,13-03-2026 11.50,1269858.15,91.31,Unit,Flat
1270491,Madinat Al Mataar,92.27,2026,1726,01-04-2026 11.57,1270491.46,92.27,Unit,Flat
1276028,Eyal Nasser,107.77,2026,1330,02-03-2026 0.00,1276028,107.77,Land,Commercial
1281131,Al Thanyah Third,72.15,2026,1526,16-03-2026 14.28,1281130.65,72.15,Unit,Flat
1285790,Al Barsha South Fourth,88.96,2026,1217,23-02-2026 13.08,1285790.36,88.96,Unit,Flat
1287315,Al Barsha South Fourth,88.96,2026,1211,23-02-2026 12.52,1287314.83,88.96,Unit,Flat
1287524,Hor Al Anz,239.23,2026,668,28-01-2026 17.51,1287524,239.23,Land,Residential
1287599,Al Muteena,199.37,2026,2350,12-05-2026 12.28,1287599,199.37,Land,Commercial
1294144,Hor Al Anz,218.6,2026,312,13-01-2026 14.40,1294144,218.6,Land,Residential
1298593,Al Barsha South Fourth,89.52,2026,1206,23-02-2026 12.37,1298592.85,89.52,Unit,Flat
1300000,Al Rashidiya,334.45,2026,2378,14-05-2026 12.34,1300000,334.45,Land,Residential
1300000,Al Rashidiya,332.31,2026,778,03-02-2026 11.38,1300000,332.31,Land,Residential
1300000,Al Waheda,232.26,2026,1776,06-04-2026 11.02,1300000,232.26,Land,Residential
1300000,Madinat Hind 4,112.24,2026,2360,13-05-2026 9.33,1300000,112.24,Land,Residential
1300000,Hor Al Anz,226.31,2026,2660,09-06-2026 11.55,1300000,226.31,Land,Residential / Attached Villas
1300000,Al Yelayiss 2,86.24,2026,2666,09-06-2026 12.59,1300000,86.24,Unit,Flat
1301312,Mirdif,150.78,2026,678,29-01-2026 8.20,1301311.66,150.78,Unit,Flat
1303130,Al Barsha South Fourth,89.73,2026,1210,23-02-2026 12.49,1303129.71,89.73,Unit,Flat
1314485,Nad Al Shiba First,105.89,2026,177,08-01-2026 12.01,1314484.87,105.89,Unit,Flat
1320015,Al Bada,222.97,2026,661,28-01-2026 11.07,1320015,222.97,Land,Residential
1324367,Al Thanyah Third,70.14,2026,1438,10-03-2026 10.50,1324366.89,70.14,Unit,Flat
1330216,Al Barsha South Fourth,87.96,2026,1216,23-02-2026 13.04,1330216.11,87.96,Unit,Flat
1332710,Burj Khalifa,94.11,2026,1243,24-02-2026 11.42,1332709.94,94.11,Unit,Office
1334308,Al Hebiah Sixth,63.73,2026,2961,26-06-2026 11.50,1334307.88,63.73,Unit,Flat
1336015,Hor Al Anz,248.24,2026,1006,12-02-2026 10.45,1336015,248.24,Land,Residential
1345207,Business Bay,81.01,2026,2508,21-05-2026 20.56,1345207.24,81.01,Unit,Flat
1346514,Al Thanyah Third,70.44,2026,2158,27-04-2026 18.35,1346513.71,70.44,Unit,Flat
1364970,Hor Al Anz,211.35,2026,1924,14-04-2026 9.55,1364970,211.35,Land,Residential
1365961,Jabal Ali First,100.89,2026,1876,09-04-2026 18.52,1365960.67,100.89,Unit,Flat
1371870,Um Hurair Second,86.33,2026,2008,17-04-2026 12.27,1371870.1,86.33,Unit,Flat
1375013,Abu Hail,232.26,2026,1700,31-03-2026 12.23,1375013,232.26,Land,Residential
1378857,Wadi Al Safa 5,160.26,2026,145,07-01-2026 10.26,1378857.27,160.26,Building,Villa
1383242,Abu Hail,233.65,2026,2683,10-06-2026 10.13,1383242,233.65,Land,Government Housing
1391866,Marsa Dubai,74.46,2026,2367,13-05-2026 15.08,1391865.58,74.46,Unit,Flat
1393596,Business Bay,63.67,2026,2808,19-06-2026 8.36,1393596.23,63.67,Unit,Office
1398446,World Islands,46.4,2026,2388,15-05-2026 8.41,1398446,46.4,Unit,Hotel Rooms
1398988,Marsa Dubai,75.04,2026,2291,07-05-2026 12.28,1398988.32,75.04,Unit,Flat
1400000,Al Barsha South Fourth,91.91,2026,954,11-02-2026 10.48,1400000,91.91,Unit,Flat
1400000,Al Twar Fourth,306.58,2026,701,31-01-2026 19.15,1400000,306.58,Land,Residential
1400000,Al Waheda,232.26,2026,1523,16-03-2026 13.53,1400000,232.26,Land,Residential
1400000,Al Jafliya,232.26,2026,2634,08-06-2026 13.33,1400000,232.26,Land,Residential
1400000,Al Rashidiya,334.45,2026,102,06-01-2026 14.37,1400000,334.45,Land,Residential
1400013,Abu Hail,464.52,2026,2035,20-04-2026 11.26,1400013,464.52,Land,Commercial
1400975,Al Muteena,260.31,2026,2559,03-06-2026 8.09,1400975,260.31,Land,Residential
1406238,Marsa Dubai,113.25,2026,2619,05-06-2026 17.15,1406237.9,113.25,Unit,Flat
1409748,Burj Khalifa,37.42,2026,2857,23-06-2026 13.57,1409748,37.42,Unit,Flat
1413168,Business Bay,77.09,2026,1406,06-03-2026 11.11,1413167.68,77.09,Unit,Flat
1426585,Business Bay,98.25,2026,2957,26-06-2026 11.37,1426585,98.25,Unit,Flat
1440632,Al Thanyah Fifth,102.7,2026,1484,13-03-2026 9.45,1440631.99,102.7,Unit,Office
1441017,Al Warsan Third,535.5,2026,2063,21-04-2026 12.29,1441017,535.5,Land,Residential / Attached Villas
1441017,Al Warsan Third,535.5,2026,1759,02-04-2026 17.36,1441017,535.5,Land,Residential / Attached Villas
1441017,Al Warsan Third,535.5,2026,2062,21-04-2026 12.22,1441017,535.5,Land,Residential / Attached Villas
1458598,Business Bay,77.08,2026,1551,18-03-2026 11.42,1458597.55,77.08,Unit,Flat
1461059,Al Thanyah Fifth,102.7,2026,1902,13-04-2026 12.17,1461058.79,102.7,Unit,Office
1467711,Al Barsha South Fourth,126.96,2026,2550,02-06-2026 13.19,1467710.51,126.96,Unit,Flat
1472947,Madinat Latifa,760.23,2026,2206,01-05-2026 11.00,1472947,760.23,Land,Government Housing
1480652,Hor Al Anz,239.23,2026,1113,17-02-2026 8.47,1480652,239.23,Land,Residential
1481863,Al Thanyah Third,86.06,2026,2728,16-06-2026 10.15,1481862.91,86.06,Unit,Flat
1489164,Al Thanayah Fourth,165.04,2026,1220,23-02-2026 20.34,1489164.2,165.04,Building,Villa
1500000,Madinat Hind 4,112.24,2026,1177,19-02-2026 13.57,1500000,112.24,Land,Residential
1500000,Al Waheda,455.22,2026,476,20-01-2026 9.39,1500000,455.22,Land,Residential
1500000,Al Merkadh,57.08,2026,2456,19-05-2026 17.05,1500000,57.08,Unit,Flat
1500000,Wadi Al Safa 3,115.74,2026,54,05-01-2026 12.10,1500000,115.74,Unit,Flat
1500014,Abu Hail,232.26,2026,1925,14-04-2026 10.00,1500014,232.26,Land,Residential
1501564,Al Warsan Third,465,2026,2174,28-04-2026 13.49,1501564,465,Land,Residential / Attached Villas
1520326,Al Thanyah Fifth,97.18,2026,950,11-02-2026 4.14,1520325.72,97.18,Unit,Office
1537522,Marsa Dubai,100.71,2026,1895,13-04-2026 9.16,1537522.08,100.71,Unit,Flat
1540000,Business Bay,84.18,2026,2733,16-06-2026 12.03,1540000,84.18,Unit,Flat
1544646,Madinat Al Mataar,131.29,2026,2686,10-06-2026 12.03,1544645.67,131.29,Building,Villa
1550000,Al Barsha South Fourth,118.87,2026,202,08-01-2026 21.09,1550000,118.87,Unit,Flat
1556786,Palm Jumeirah,66.91,2026,2030,20-04-2026 11.00,1556785.76,66.91,Unit,Flat
1557471,Business Bay,100.99,2026,1334,02-03-2026 9.59,1557470.59,100.99,Unit,Office
1557863,Burj Khalifa,103.22,2026,2785,18-06-2026 10.00,1557862.63,103.22,Unit,Flat
1558837,Al Barsha South Fourth,111.67,2026,539,21-01-2026 19.55,1558837.4,111.67,Unit,Flat
1562709,Al Merkadh,76.73,2026,1348,02-03-2026 13.16,1562709.2,76.73,Unit,Flat
1563608,Al Khairan First,71.08,2026,868,06-02-2026 11.18,1563607.87,71.08,Unit,Flat
1570828,Al Merkadh,72.78,2026,2721,13-06-2026 21.52,1570827.55,72.78,Unit,Flat
1576495,Marsa Dubai,72.93,2026,1222,23-02-2026 20.59,1576495.19,72.93,Unit,Flat
1578197,Al Merkadh,77.53,2026,1349,02-03-2026 13.19,1578196.53,77.53,Unit,Flat
1581176,Al Khairan First,65.5,2026,1454,11-03-2026 10.07,1581175.61,65.5,Unit,Flat
1583110,Al Khairan First,65.89,2026,592,26-01-2026 8.42,1583109.55,65.89,Unit,Flat
1587842,Hor Al Anz,268.21,2026,1534,17-03-2026 11.17,1587842,268.21,Land,Commercial
1587976,Al Thanyah Fifth,138.95,2026,1653,26-03-2026 15.11,1587975.63,138.95,Unit,Flat
1597796,Business Bay,90.88,2026,2551,02-06-2026 13.33,1597795.53,90.88,Unit,Flat
1600000,Burj Khalifa,69.69,2026,2651,09-06-2026 9.03,1600000,69.69,Unit,Flat
1600000,Al Rashidiya,334.45,2026,784,03-02-2026 16.19,1600000,334.45,Land,Residential
1600000,Hor Al Anz,268.21,2026,2017,18-04-2026 17.58,1600000,268.21,Land,Commercial
1600000,Madinat Hind 4,112.24,2026,939,10-02-2026 13.56,1600000,112.24,Land,Residential
1600000,Al Twar Fourth,594.58,2026,895,09-02-2026 12.16,1600000,594.58,Land,Residential
1600000,Al Waheda,278.71,2026,1524,16-03-2026 14.17,1600000,278.71,Land,Residential
1600463,Madinat Latifa,743.44,2026,1418,09-03-2026 11.57,1600463,743.44,Land,
1602894,Um Hurair Second,99.88,2026,1998,17-04-2026 11.43,1602893.83,99.88,Unit,Flat
1603426,Business Bay,82.68,2026,1301,26-02-2026 11.54,1603426.18,82.68,Unit,Office
1604316,Al Yelayiss 5,745.23,2026,2537,01-06-2026 11.36,1604316,745.23,Land,
1604919,Al Yelayiss 5,745.51,2026,1342,02-03-2026 11.31,1604919,745.51,Land,
1605498,Al Hebiah Fourth,178.51,2026,1436,10-03-2026 10.42,1605498.28,178.51,Unit,Flat
1607546,Marsa Dubai,117.52,2026,555,22-01-2026 16.58,1607546.26,117.52,Unit,Flat
1614621,Al Barsha South Fifth,151.62,2026,1093,16-02-2026 11.58,1614620.97,151.62,Unit,Flat
1618873,Al Thanyah Fifth,115.93,2026,1245,24-02-2026 11.53,1618872.94,115.93,Unit,Office
1619994,Abu Hail,334.45,2026,582,23-01-2026 20.50,1619994,334.45,Land,Residential
1624065,Al Barsha South Fourth,117.05,2026,1717,01-04-2026 8.06,1624065.33,117.05,Unit,Flat
1624720,Marsa Dubai,86.3,2026,1437,10-03-2026 10.42,1624719.71,86.3,Unit,Flat
1639268,Al Khairan First,67.75,2026,593,26-01-2026 8.47,1639268.38,67.75,Unit,Flat
1639464,Al Thanyah First,69.39,2026,679,29-01-2026 9.45,1639464.13,69.39,Unit,Office
1640222,Al Thanyah Fifth,115.93,2026,1903,13-04-2026 12.19,1640222.4,115.93,Unit,Office
1645462,Marsa Dubai,109.49,2026,2204,01-05-2026 9.33,1645462.04,109.49,Unit,Flat
1645676,Al Jadaf,125.3,2026,378,15-01-2026 0.21,1645676.15,125.3,Unit,Flat
1647745,Um Hurair Second,103.42,2026,2003,17-04-2026 12.04,1647744.68,103.42,Unit,Flat
1649998,Naif,153.29,2026,2320,11-05-2026 13.04,1649998,153.29,Land,Commercial
1650300,Al Muteena,278.71,2026,28,03-01-2026 11.53,1650300,278.76,Land,Commercial
1655143,Al Hebiah Fourth,128.14,2026,2504,21-05-2026 15.15,1655143,128.14,Unit,Flat
1655923,Burj Khalifa,81.73,2026,2704,11-06-2026 12.25,1655922.66,81.73,Unit,Office
1656702,Al Kheeran,93.56,2026,2389,15-05-2026 9.07,1656702.28,93.56,Unit,Flat
1659701,Jabal Ali Industrial Second,124.04,2026,2665,09-06-2026 12.55,1659700.7,124.04,Unit,Flat
1661078,Marsa Dubai,113.26,2026,447,19-01-2026 8.47,1661077.6,113.26,Unit,Flat
1662604,Al Barshaa South Second,135.39,2026,554,22-01-2026 16.51,1662603.74,135.39,Unit,Flat
1673325,Um Hurair Second,105,2026,1884,10-04-2026 10.50,1673324.82,105,Unit,Flat
1681348,Business Bay,87.33,2026,2377,14-05-2026 12.27,1681348.2,87.33,Unit,Office
1685376,Al Thanyah Fifth,107.12,2026,2113,23-04-2026 15.45,1685375.61,107.12,Unit,Flat
1692857,Burj Khalifa,71.81,2026,1307,26-02-2026 12.41,1692857.01,71.81,Unit,Flat
1700000,Madinat Hind 4,183.35,2026,1904,13-04-2026 12.48,1700000,183.35,Land,Residential
1700000,Business Bay,63.24,2026,2256,05-05-2026 13.45,1700000,63.24,Unit,Flat
1700000,Al Twar Fourth,594.58,2026,478,20-01-2026 9.50,1700000,594.58,Land,Residential
1700000,World Islands,85.19,2026,1641,26-03-2026 11.32,1700000,85.19,Unit,Hotel Rooms
1700000,Um Suqaim First,55.09,2026,1712,01-04-2026 7.38,1700000,55.09,Land,Government Organizations
1700000,Abu Hail,232.26,2026,2631,08-06-2026 12.19,1700000,232.26,Land,Residential Flats
1700000,Madinat Hind 4,174.8,2026,1351,03-03-2026 9.21,1700000,174.8,Land,Residential
1700000,Jumeirah Third,55.28,2026,1710,01-04-2026 7.26,1700000,55.28,Land,
1721392,Um Hurair Second,108.42,2026,1881,10-04-2026 10.31,1721392.36,108.42,Unit,Flat
1729824,Al Barsha South Fourth,133.72,2026,2836,22-06-2026 12.37,1729823.94,133.72,Unit,Flat
1731059,Al Thanyah Third,101.02,2026,3000,29-06-2026 15.55,1731059.2,101.02,Unit,Flat
1735115,Al Barsha South Fifth,165.35,2026,1427,09-03-2026 20.10,1735114.79,165.35,Unit,Flat
1745824,Um Suqaim Third,69.1,2026,2767,17-06-2026 13.26,1745824.15,69.1,Unit,Flat
1746357,Al Thanyah First,144,2026,948,10-02-2026 18.42,1746357.35,144,Unit,Flat
1748716,Al Barsha South Fourth,120.42,2026,1477,12-03-2026 16.38,1748716.2,120.42,Unit,Flat
1749298,Wadi Al Safa 3,144.28,2026,2597,04-06-2026 12.28,1749298.39,144.28,Unit,Flat
1754247,Al Waheda,651.9,2026,2678,10-06-2026 8.15,1754247,651.9,Land,Commercial
1760994,Me'Aisem First,127.18,2026,1773,06-04-2026 10.43,1760994.34,127.18,Unit,Flat
1766570,Um Suqaim Third,70.18,2026,2766,17-06-2026 13.20,1766570.24,70.18,Unit,Flat
1768927,Um Hurair Second,107.09,2026,1995,17-04-2026 11.29,1768927,107.09,Unit,Flat
1769937,Al Yelayiss 2,208.63,2026,139,07-01-2026 9.31,1769936.58,208.63,Building,Villa
1771972,Um Hurair Second,107.09,2026,2004,17-04-2026 12.08,1771972.06,107.09,Unit,Flat
1774986,Business Bay,87.94,2026,2215,02-05-2026 11.23,1774986.28,87.94,Unit,Flat
1781659,Al Merkadh,84.72,2026,2574,03-06-2026 12.18,1781659.38,84.72,Unit,Flat
1781686,Um Hurair Second,107.09,2026,1883,10-04-2026 10.42,1781686.43,107.09,Unit,Flat
1782999,Um Hurair Second,107.09,2026,2007,17-04-2026 12.22,1782998.69,107.09,Unit,Flat
1787394,Hor Al Anz,369.01,2026,918,10-02-2026 8.24,1787394,369.01,Land,Residential
1791879,Al Goze First,594.54,2026,2627,08-06-2026 10.17,1791879,594.54,Land,Residential
1793136,Madinat Al Mataar,329.08,2026,1730,01-04-2026 13.47,1793135.75,329.08,Unit,Flat
1794657,Jabal Ali First,166.95,2026,63,05-01-2026 18.13,1794656.67,166.95,Unit,Flat
1799993,Abu Hail,334.45,2026,410,20-01-2026 18.45,1799993,334.45,Land,Residential Flats
1800000,Al Jafliya,278.71,2026,2223,04-05-2026 9.30,1800000,278.71,Land,
1800000,Muhaisanah Second,464.52,2026,409,15-01-2026 12.14,1800000,465,Land,Industrial
1800000,Abu Hail,482.45,2026,2024,20-04-2026 10.20,1800000,482.45,Land,Commercial
1800036,Al Hamriya,185.81,2026,385,15-01-2026 8.52,1800036,185.81,Land,Commercial
1803987,Al Baraha,152.36,2026,1104,16-02-2026 15.05,1803987,152.36,Land,Commercial
1825871,Al Khairan First,76.83,2026,594,26-01-2026 8.50,1825871.1,76.83,Unit,Flat
1825994,Al Thanyah Fifth,110.98,2026,2982,29-06-2026 10.19,1825993.85,110.98,Unit,Flat
1827422,Al Yelayiss 1,216,2026,1391,05-03-2026 11.09,1827422.38,216,Building,Villa
1831123,Me'Aisem First,155.11,2026,2922,25-06-2026 11.04,1831122.84,155.11,Unit,Flat
1834501,Um Hurair Second,107.53,2026,1873,09-04-2026 15.40,1834501.16,107.53,Unit,Flat
1843165,Madinat Al Mataar,230.96,2026,481,20-01-2026 10.36,1843164.96,230.96,Building,Villa
1862655,Al Thanyah Third,130.82,2026,2541,01-06-2026 15.16,1862654.58,130.82,Unit,Flat
1862722,Burj Khalifa,76.99,2026,2903,25-06-2026 8.57,1862722.34,76.99,Unit,Hotel Apartment
1868469,Al Thanyah Third,92.16,2026,2525,01-06-2026 4.45,1868468.91,92.16,Unit,Flat
1869010,Business Bay,106.59,2026,2301,08-05-2026 10.19,1869010.33,106.59,Unit,Flat
1870973,Al Thanyah Third,91.97,2026,2643,09-06-2026 8.27,1870973.21,91.97,Unit,Flat
1874339,Al Hamriya,145.11,2026,2633,08-06-2026 13.22,1874339,145.11,Land,Commercial
1885453,Al Layan1,500.47,2026,1545,17-03-2026 15.17,1885453,500.47,Land,Labor Camp
1893660,Al Jadaf,132.69,2026,921,10-02-2026 9.13,1893659.56,132.69,Unit,Flat
1895748,Mirdif,169.18,2026,1047,13-02-2026 10.08,1895747.66,169.18,Unit,Flat
1900000,Abu Hail,346.06,2026,2749,16-06-2026 16.50,1900000,346.06,Land,Residential
1900452,Wadi Al Safa 7,255.21,2026,228,09-01-2026 10.43,1900451.91,255.21,Building,Villa
1913380,Um Suqaim Third,76.4,2026,1670,30-03-2026 11.58,1913380.09,76.4,Unit,Flat
1914396,Al Thanyah First,104.52,2026,2780,18-06-2026 8.44,1914396.13,104.52,Unit,Office
1927900,Wadi Al Safa 7,172.5,2026,675,29-01-2026 0.56,1927900,172.5,Building,Villa
1927956,Marsa Dubai,77.33,2026,1141,17-02-2026 11.46,1927955.8,77.33,Unit,Flat
1940706,Business Bay,79.56,2026,1790,06-04-2026 16.55,1940705.59,79.56,Unit,Flat
1944794,Al Thanyah Third,96.46,2026,2497,21-05-2026 14.29,1944794.11,96.46,Unit,Office
1944794,Al Thanyah Third,96.46,2026,2496,21-05-2026 14.27,1944794.11,96.46,Unit,Office
1952404,Wadi Al Safa 7,265.55,2026,2270,06-05-2026 10.42,1952403.58,265.55,Building,Villa
1959030,Al Twar Fourth,910.45,2026,2269,06-05-2026 10.10,1959030,910,Land,Residential
1959904,Mirdif,650.32,2026,2454,19-05-2026 14.28,1959904,650.29,Land,Residential
1963604,Madinat Al Mataar,72.97,2026,1253,24-02-2026 12.43,1963604,72.97,Unit,Flat
1967041,Hadaeq Sheikh Mohammed Bin Rashid,78.29,2026,2594,04-06-2026 11.24,1967041.08,78.29,Unit,Flat
1969508,Business Bay,111.8,2026,2279,06-05-2026 13.42,1969508.26,111.8,Unit,Office
1972059,Al Barsha South Fourth,158.6,2026,2372,14-05-2026 11.06,1972059.17,158.6,Building,Villa
1999681,Hor Al Anz,211.35,2026,1363,03-03-2026 13.13,1999681,211.35,Land,Residential
2000000,Al Barsha South Fourth,130.49,2026,1943,15-04-2026 11.19,2000000,130.49,Unit,Flat
2000000,Business Bay,84.07,2026,1905,13-04-2026 12.59,2000000,84.07,Unit,Flat
2000000,Business Bay,102.84,2026,262,12-01-2026 13.11,2000000,102.84,Unit,Flat
2000000,Madinat Al Mataar,90.07,2026,716,02-02-2026 10.15,2000000,90.07,Unit,Flat
2000000,Al Khairan First,71.09,2026,751,02-02-2026 15.48,2000000,71.09,Unit,Flat
2000000,Abu Hail,527.6,2026,617,26-01-2026 12.56,2000000,527.6,Land,Commercial
2000000,Al Barshaa South Second,109.48,2026,748,02-02-2026 15.33,2000000,109.48,Unit,Flat
2000000,Al Barshaa South Third,104.98,2026,2405,18-05-2026 13.10,2000000,104.98,Unit,Flat
2000000,Al Hebiah First,204.2,2026,2337,12-05-2026 10.48,2000000,204.2,Unit,Flat
2000000,Madinat Hind 4,112.24,2026,2332,14-05-2026 10.52,2000000,112.24,Land,Land
2000000,Madinat Hind 4,151.8,2026,383,15-01-2026 8.43,2000000,151.8,Land,Residential
2000000,Al Waheda,836.13,2026,89,06-01-2026 11.04,2000000,836.13,Land,Residential
2000000,Al Rashidiya,594.59,2026,1542,17-03-2026 13.52,2000000,594.59,Land,Residential
2000000,Abu Hail,232.26,2026,511,21-01-2026 10.30,2000000,231.41,Land,Residential
2000000,Al Merkadh,70.41,2026,1608,24-03-2026 13.56,2000000,70.41,Unit,Flat
2000000,Mirdif,135.28,2026,1610,24-03-2026 15.43,2000000,135.28,Unit,Flat
2000000,Jabal Ali First,111.87,2026,2538,01-06-2026 12.05,2000000,111.87,Unit,Flat
2000000,Al Barsha South Fifth,138.14,2026,519,21-01-2026 11.39,2000000,138.14,Unit,Flat
2000105,Al Layan1,929.08,2026,2744,16-06-2026 14.54,2000105,929.08,Land,Industrial
2006539,Al Thanyah Third,116.04,2026,680,29-01-2026 9.48,2006539.4,116.04,Unit,Flat
2013877,Business Bay,80.4,2026,2232,04-05-2026 13.35,2013877.1,80.4,Unit,Office
2015986,Business Bay,138.43,2026,332,14-01-2026 8.37,2015986.11,138.43,Unit,Office
2020192,Al Barsha South Fourth,164.06,2026,669,28-01-2026 18.54,2020192.09,164.06,Building,Villa
2035425,Hadaeq Sheikh Mohammed Bin Rashid,94.15,2026,2628,08-06-2026 11.36,2035424.71,94.15,Unit,Flat
2039802,Al Layan1,947.52,2026,2837,22-06-2026 12.46,2039802,947.52,Land,Industrial
2044258,Burj Khalifa,70.34,2026,2741,16-06-2026 14.27,2044258,70.34,Unit,Flat
2044602,Al Khairan First,65.5,2026,1152,18-02-2026 11.02,2044602,65.5,Unit,Flat
2047455,Hor Al Anz,211.35,2026,1656,27-03-2026 10.26,2047455,211.35,Land,Residential
2047455,Hor Al Anz,211.35,2026,729,02-02-2026 12.47,2047455,211.35,Land,Residential
2047509,Abu Hail,380.44,2026,2185,29-04-2026 11.24,2047509,380.44,Land,Residential Flats
2048903,Burj Khalifa,84.68,2026,2904,25-06-2026 9.08,2048903.14,84.68,Unit,Hotel Apartment
2050000,Al Khairan First,72.12,2026,6,02-01-2026 8.16,2050000,72.12,Unit,Flat
2050000,Wadi Al Safa 3,171.55,2026,58,05-01-2026 13.13,2050000,171.71,Unit,Flat
2053243,Al Yelayiss 1,275.41,2026,2717,12-06-2026 12.44,2053243.18,275.41,Building,Villa
2060750,Muhaisanah First,136.94,2026,18,02-01-2026 11.46,2060750.46,136.94,Unit,Flat
2075073,Business Bay,87.78,2026,1739,01-04-2026 17.20,2075072.81,87.78,Unit,Flat
2076784,Hadaeq Sheikh Mohammed Bin Rashid,92.6,2026,1735,01-04-2026 15.44,2076784.24,92.6,Unit,Flat
2084909,Wadi Al Safa 5,256.98,2026,2016,18-04-2026 13.50,2084908.68,256.98,Building,Villa
2087689,Burj Khalifa,106.75,2026,1191,21-02-2026 10.33,2087689.05,106.75,Unit,Flat
2088520,Muhaisanah Second,388.06,2026,2609,05-06-2026 7.26,2088520,388.06,Land,Labor Camp
2092334,Marsa Dubai,112.41,2026,2807,19-06-2026 7.47,2092333.55,112.41,Unit,Flat
2093001,Al Thanayah Fourth,296.62,2026,2699,11-06-2026 10.50,2093000.93,296.62,Building,Villa
2100000,Hadaeq Sheikh Mohammed Bin Rashid,66.09,2026,711,02-02-2026 9.20,2100000,66.09,Unit,Flat
2100000,Al Warsan First,154,2026,490,20-01-2026 12.40,2100000,154,Land,Commercial
2100005,Al Bada,278.71,2026,1993,17-04-2026 11.02,2100005,278.71,Land,
2101651,Al Layan1,976.25,2026,1240,24-02-2026 10.34,2101651,976.25,Land,
2102577,Al Hebiah Fourth,162.78,2026,2507,21-05-2026 16.34,2102577,162.78,Unit,Flat
2109014,Hadaeq Sheikh Mohammed Bin Rashid,92.1,2026,1792,06-04-2026 22.00,2109013.7,92.1,Unit,Flat
2113487,Marsa Dubai,96.53,2026,537,21-01-2026 16.46,2113487.22,96.53,Unit,Flat
2120058,Al Thanayah Fourth,294.28,2026,1086,16-02-2026 10.48,2120058.17,294.28,Building,Villa
2121274,Burj Khalifa,72.99,2026,2778,18-06-2026 0.56,2121274,72.99,Unit,Flat
2129993,Burj Khalifa,73.29,2026,2742,16-06-2026 14.46,2129993,73.29,Unit,Flat
2132055,Al Barsha South Fifth,171.41,2026,2531,01-06-2026 10.24,2132054.79,171.41,Unit,Flat
2132974,Al Baraha,198.16,2026,2404,18-05-2026 12.50,2132974,198.16,Land,Residential
2137824,Hor Al Anz,361.11,2026,2865,24-06-2026 10.12,2137824,361.11,Land,Residential
2143420,Al Yelayiss 1,277.68,2026,1614,25-03-2026 0.52,2143419.64,277.68,Building,Villa
2144755,Al Yelayiss 1,278.42,2026,1392,05-03-2026 11.16,2144755.49,278.42,Building,Villa
2144755,Al Yelayiss 1,278.42,2026,1390,05-03-2026 11.05,2144755.49,278.42,Building,Villa
2144843,Business Bay,111.53,2026,2380,14-05-2026 12.52,2144842.93,111.53,Unit,Office
2150000,Madinat Al Mataar,137.76,2026,2212,01-05-2026 17.38,2150000,137.76,Building,Villa
2153836,Al Merkadh,109.18,2026,1489,13-03-2026 13.33,2153835.54,109.18,Unit,Flat
2160074,Burj Khalifa,107.3,2026,1529,16-03-2026 14.55,2160073.84,107.3,Unit,Flat
2167423,Al Hebiah Fourth,140.43,2026,903,09-02-2026 13.18,2167423.13,140.43,Building,Villa
2171079,Palm Deira,80.4,2026,2099,23-04-2026 9.29,2171079,80.68,Unit,Flat
2175440,Business Bay,101.87,2026,1541,17-03-2026 13.07,2175440.42,101.87,Unit,Office
2176511,Jumeirah First,87.7,2026,2956,26-06-2026 11.34,2176511.43,87.7,Unit,Flat
2178615,Al Hebiah Third,150.4,2026,1507,16-03-2026 10.17,2178615.43,150.4,Unit,Flat
2181803,Al Thanyah Fifth,101.77,2026,2505,21-05-2026 15.20,2181802.59,101.77,Unit,Office
2188094,Al Thanyah Third,130.82,2026,1018,12-02-2026 12.48,2188093.67,130.82,Unit,Flat
2191503,Business Bay,124.8,2026,2280,06-05-2026 13.55,2191502.67,124.8,Unit,Office
2196491,Al Thanayah Fourth,255.2,2026,2811,19-06-2026 9.39,2196490.82,255.2,Building,Villa
2199385,Marsa Dubai,145.53,2026,1426,09-03-2026 14.54,2199384.62,145.53,Unit,Flat
2200000,Madinat Al Mataar,206.4,2026,1640,26-03-2026 11.14,2200000,206.4,Unit,Flat
2200000,Um Suqaim Third,69.14,2026,899,09-02-2026 12.46,2200000,69.14,Unit,Flat
2200000,Al Rashidiya,594.58,2026,1826,08-04-2026 14.15,2200000,594.58,Land,Government Housing
2200000,AL MIZHAR FOURTH,743.13,2026,949,10-02-2026 19.27,2200000,743.13,Land,
2200000,Al Warsan First,156.2,2026,501,20-01-2026 14.47,2200000,156.2,Land,Commercial
2200000,Wadi Al Safa 7,169.81,2026,2246,05-05-2026 11.17,2200000,169.81,Building,Villa
2212240,Abu Hail,228.36,2026,566,23-01-2026 10.06,2212240,228.36,Land,Residential
2222853,Al Khairan First,103.01,2026,1734,01-04-2026 14.49,2222852.57,103.01,Unit,Flat
2231125,Business Bay,85.93,2026,1561,19-03-2026 11.02,2231125.08,85.93,Unit,Flat
2234721,Al Khairan First,100.59,2026,1398,05-03-2026 13.46,2234721.39,100.59,Unit,Flat
2237745,Marsa Dubai,109.92,2026,2241,05-05-2026 9.58,2237744.99,109.92,Unit,Flat
2243894,Al Thanayah Fourth,255.26,2026,885,09-02-2026 9.08,2243893.98,255.26,Building,Villa
2243972,Al Raffa,260.59,2026,1347,02-03-2026 13.16,2243972,260.59,Land,Commercial
2245402,Al Thanayah Fourth,255.19,2026,178,08-01-2026 12.14,2245401.58,255.19,Building,Villa
2249989,Mirdif,696.77,2026,239,10-01-2026 16.42,2249989,696.77,Land,Residential
2263093,Al Thanayah Fourth,255,2026,2877,24-06-2026 15.07,2263092.79,255,Building,Villa
2263785,Business Bay,104.49,2026,2871,24-06-2026 12.33,2263785.37,104.49,Unit,Flat
2268908,Um Suqaim Third,86.9,2026,42,05-01-2026 9.40,2268908.03,86.9,Unit,Flat
2270107,Al Ras,84.36,2026,453,19-01-2026 9.48,2270107,84.36,Land,Residential
2274950,Hor Al Anz,211.35,2026,2331,12-05-2026 10.19,2274950,211.35,Land,Residential
2290600,Wadi Al Safa 7,186.3,2026,674,29-01-2026 0.42,2290600,186.3,Building,Villa
2290600,Wadi Al Safa 7,186.3,2026,673,29-01-2026 0.34,2290600,186.3,Building,Villa
2295334,Al Merkadh,118.61,2026,2398,18-05-2026 8.19,2295334.21,118.61,Unit,Flat
2297374,Al Thanayah Fourth,287.62,2026,2810,19-06-2026 9.34,2297373.92,287.62,Building,Villa
2300000,Abu Hail,718.79,2026,2565,03-06-2026 9.03,2300000,718.79,Land,Residential
2300000,Madinat Al Mataar,141.04,2026,2368,13-05-2026 16.43,2300000,141.04,Building,Villa
2300000,Abu Hail,232.26,2026,953,11-02-2026 10.28,2300000,232.21,Land,Residential
2300000,Marsa Dubai,73.08,2026,2289,07-05-2026 12.10,2300000,73.08,Unit,Flat
2309373,Al Muteena,357.58,2026,2746,16-06-2026 15.12,2309373,357.58,Land,Residential
2310234,Al Yelayiss 1,287.93,2026,2219,03-05-2026 11.38,2310234.36,287.93,Building,Villa
2314822,Marsa Dubai,108.95,2026,626,26-01-2026 22.38,2314822.42,108.95,Unit,Flat
2316188,Burj Khalifa,88.35,2026,2384,14-05-2026 15.40,2316188.26,88.35,Unit,Flat
2320975,Marsa Dubai,85.04,2026,557,22-01-2026 17.16,2320975.47,85.04,Unit,Flat
2332308,Burj Khalifa,132.39,2026,2773,17-06-2026 15.46,2332307.61,132.39,Unit,Flat
2333256,Burj Khalifa,102.84,2026,1365,03-03-2026 14.44,2333256.11,102.84,Unit,Flat
2339724,Burj Khalifa,140.07,2026,2153,27-04-2026 12.21,2339724.12,140.07,Unit,Flat
2339727,Marsa Dubai,127.7,2026,85,06-01-2026 9.52,2339727.44,127.7,Unit,Flat
2342582,Al Merkadh,109.83,2026,1151,18-02-2026 10.41,2342582.08,109.83,Unit,Flat
2358488,Al Kifaf,118.22,2026,3037,30-06-2026 23.26,2358487.99,118.22,Unit,Flat
2359801,Al Thanyah Fifth,187.55,2026,486,20-01-2026 12.00,2359801.36,187.55,Unit,Office
2369057,Marsa Dubai,129.72,2026,2558,02-06-2026 18.54,2369056.69,129.72,Unit,Flat
2381687,Al Thanyah Fifth,153.97,2026,2475,20-05-2026 13.44,2381687.39,153.97,Unit,Flat
2384734,Bukadra,84.4,2026,1138,17-02-2026 11.07,2384734,84.4,Unit,Flat
2388627,Marsa Dubai,124.68,2026,1935,14-04-2026 17.01,2388627.08,124.68,Unit,Flat
2397800,Al Wasl,77.94,2026,1706,31-03-2026 19.55,2397800,77.94,Unit,Flat
2398257,Al Thanyah First,130.19,2026,2782,18-06-2026 9.00,2398256.6,130.19,Unit,Office
2399365,Marsa Dubai,167.1,2026,1187,20-02-2026 16.36,2399365.2,167.1,Unit,Flat
2399616,Marsa Dubai,121.23,2026,2547,02-06-2026 11.48,2399616.21,121.23,Unit,Flat
2400000,Muhaisanah Second,464.52,2026,1357,03-03-2026 10.52,2400000,464.52,Land,Industrial
2400000,Al Twar First,1003.35,2025,5414,23-02-2026 16.54,2400000,1003.35,Land,Residential
2400955,Business Bay,138.42,2026,2275,06-05-2026 11.50,2400954.77,138.42,Unit,Office
2405111,Business Bay,129.51,2026,2453,19-05-2026 14.23,2405111.18,129.51,Unit,Flat
2405587,Al Thanyah First,130.71,2026,2781,18-06-2026 8.57,2405587.26,130.71,Unit,Office
2413336,Al Thanyah Fifth,124.23,2026,558,22-01-2026 17.21,2413336.28,124.23,Unit,Flat
2420374,Business Bay,157.69,2026,2568,03-06-2026 10.39,2420374.37,157.69,Unit,Flat
2441462,Marsa Dubai,90.16,2026,1637,26-03-2026 8.49,2441462.38,90.16,Unit,Flat
2445300,Wadi Al Safa 7,186.3,2026,672,29-01-2026 0.24,2445300,186.3,Building,Villa
2451424,Dubai Investment Park Second,650.7,2026,2192,30-04-2026 7.17,2451424,650.7,Land,
2462197,Al Merkadh,116.05,2026,1343,02-03-2026 11.34,2462197.12,116.05,Unit,Flat
2463492,Business Bay,95.67,2026,1318,27-02-2026 9.06,2463491.8,95.67,Unit,Office
2469605,Al Raffa,382.39,2026,437,16-01-2026 10.38,2469605,382.39,Land,Commercial
2470000,Al Wasl,77.41,2026,1709,31-03-2026 20.08,2470000,77.41,Unit,Flat
2471413,Al Bada,382.67,2026,1847,09-04-2026 11.10,2471413,382.67,Land,Residential
2480810,Al Ras,153.65,2026,1801,07-04-2026 12.15,2480810,153.65,Land,Commercial
2486590,Hor Al Anz,342.16,2026,563,23-01-2026 9.15,2486590,342.24,Land,Commercial
2489730,Marsa Dubai,128.35,2026,1723,01-04-2026 10.15,2489729.68,128.35,Unit,Flat
2491465,Nad Al Shiba First,169.54,2026,745,02-02-2026 15.18,2491465.31,169.54,Building,Villa
2496509,Jumeirah Second,83.63,2026,1740,01-04-2026 17.23,2496508.6,83.63,Unit,Flat
2499997,Hor Al Anz East,929.03,2026,353,14-01-2026 11.22,2499997,929.03,Land,Residential
2500000,Me'Aisem First,134.4,2026,433,16-01-2026 9.57,2500000,134.4,Land,Residential
2500000,Al Barsha South Fourth,130.06,2026,2039,20-04-2026 13.05,2500000,130.06,Building,Villa
2500000,Abu Hail,613.16,2026,2632,08-06-2026 12.33,2500000,613.16,Land,Commercial
2500000,Al Rashidiya,929.04,2026,260,12-01-2026 12.53,2500000,929.04,Land,Residential
2500000,Al Twar First,910.45,2026,821,05-02-2026 9.50,2500000,910.45,Land,Residential
2500000,Hor Al Anz,260.6,2026,2690,10-06-2026 15.32,2500000,260.6,Land,Commercial
2500023,Al Bada,232.26,2026,1741,01-04-2026 17.37,2500023,232.26,Land,Residential
2500023,Al Satwa,232.26,2026,1356,03-03-2026 10.47,2500023,232.26,Land,Residential
2501520,Business Bay,126.2,2026,2303,08-05-2026 14.48,2501519.76,126.2,Unit,Flat
2505922,Naif,291.01,2026,1976,17-04-2026 0.43,2505922,291.01,Land,Commercial
2506833,Al Barshaa South Third,233.6,2026,1147,17-02-2026 14.05,2506833.48,233.6,Unit,Flat
2510677,Al Thanyah Third,120.22,2026,88,06-01-2026 10.47,2510676.96,120.22,Unit,Flat
2513382,Marsa Dubai,159.84,2026,2015,18-04-2026 9.08,2513382.45,159.84,Unit,Flat
2517998,Nad Al Shiba First,607.61,2026,2532,01-06-2026 10.26,2517998,607.61,Land,Commercial
2519990,Al Bada,334.45,2026,2476,21-05-2026 11.49,2519990,334.45,Land,Residential / Attached Villas
2534985,Al Bada,362.32,2026,1893,12-04-2026 13.14,2534985,362.32,Land,Residential
2543000,Madinat Dubai Almelaheyah,72.12,2026,2650,09-06-2026 8.56,2543000,72.12,Unit,Flat
2561906,Um Hurair Second,152.9,2026,1997,17-04-2026 11.39,2561905.76,152.9,Unit,Flat
2593265,Al Yufrah 1,174,2026,2806,18-06-2026 20.21,2593264.95,174,Building,Villa
2600000,Al Bada,334.46,2026,930,10-02-2026 10.22,2600000,334.46,Land,Residential
2600000,Hor Al Anz East,1026.58,2026,1536,17-03-2026 12.17,2600000,1026.58,Land,Residential
2600000,Al Waheda,929.03,2026,1443,10-03-2026 11.37,2600000,929.03,Land,Residential
2600000,Al Bada,334.45,2026,929,10-02-2026 10.20,2600000,334.45,Land,Residential
2600000,Hor Al Anz East,1120.74,2026,575,23-01-2026 10.53,2600000,1021.93,Land,Residential
2606053,Al Yufrah 1,174,2026,2251,05-05-2026 12.32,2606053.46,174,Building,Villa
2619457,Al Khairan First,107.79,2026,595,26-01-2026 8.54,2619457.11,107.79,Unit,Flat
2620430,Nad Al Shiba First,189.03,2026,1638,26-03-2026 10.38,2620430.13,189.03,Unit,Flat
2622950,Al Wasl,81.47,2026,1705,31-03-2026 19.50,2622950,81.47,Unit,Flat
2629700,Palm Jumeirah,106.09,2026,2964,26-06-2026 12.05,2629700.23,106.09,Unit,Flat
2632226,Al Jadaf,176.82,2026,2955,26-06-2026 11.27,2632226.03,176.82,Unit,Flat
2642161,Al Muteena,223.15,2026,1531,17-03-2026 10.35,2642161,223.15,Land,Commercial / Offices / Residential
2652186,Al Yufrah 1,174,2026,1868,09-04-2026 15.05,2652185.89,174,Building,Villa
2660537,Burj Khalifa,130.29,2026,2407,18-05-2026 13.34,2660537.13,130.29,Unit,Flat
2660709,Palm Jumeirah,106.07,2026,1769,05-04-2026 6.40,2660708.52,106.07,Unit,Flat
2663988,Muhaisanah Third,1374.96,2026,2614,05-06-2026 10.37,2663988,1374.96,Land,Residential
2671093,Business Bay,200.12,2026,2959,26-06-2026 11.40,2671093.35,200.12,Unit,Flat
2672457,Al Khairan First,109.79,2026,596,26-01-2026 9.00,2672457.22,109.79,Unit,Flat
2689731,Zaabeel Second,101.32,2026,446,19-01-2026 8.40,2689731.46,101.32,Unit,Flat
2699987,Al Layan1,1393.54,2026,1725,01-04-2026 11.24,2699987,1393.54,Land,Industrial
2700000,Al Rashidiya,929.01,2026,618,26-01-2026 13.08,2700000,929.01,Land,Residential
2700000,Al Jafliya,334.45,2026,604,26-01-2026 11.08,2700000,334.45,Land,Residential
2700000,Al Rashidiya,929.03,2026,1183,20-02-2026 9.53,2700000,929.03,Land,
2700000,Al Goze First,594.58,2026,773,03-02-2026 11.02,2700000,594.58,Land,Residential
2700000,Abu Hail,566.18,2026,2950,26-06-2026 10.05,2700000,566.18,Land,Commercial
2700000,Al Rashidiya,910.46,2026,1678,30-03-2026 14.32,2700000,910.46,Land,Residential
2700000,Wadi Al Safa 5,160.2,2026,1522,16-03-2026 13.33,2700000,160.2,Building,Villa
2700006,Al Twar Fourth,1393.55,2026,2175,28-04-2026 14.20,2700006,1393.55,Land,Residential
2706832,Al Ttay,1143.06,2026,154,07-01-2026 13.10,2706832,1143.06,Land,
2721248,Burj Khalifa,101.86,2026,1729,01-04-2026 13.39,2721248.17,101.86,Unit,Flat
2721535,Al Wasl,107.63,2026,2057,21-04-2026 11.21,2721535.46,107.63,Unit,Flat
2723400,Al Khairan First,102.04,2026,658,28-01-2026 10.02,2723399.74,102.04,Unit,Hotel Apartment
2730069,Hor Al Anz,211.36,2026,2186,29-04-2026 11.54,2730069,211.36,Land,Residential
2739535,Jabal Ali First,304.38,2026,87,06-01-2026 10.24,2739534.8,304.38,Unit,Flat
2750026,Al Satwa,232.26,2026,1422,09-03-2026 13.09,2750026,232.26,Land,Residential
2750026,Al Bada,232.26,2026,534,21-01-2026 16.11,2750026,232.26,Land,Commercial
2772998,Marsa Dubai,223.76,2026,2072,22-04-2026 9.43,2772997.93,223.76,Unit,Flat
2779009,Marsa Dubai,126.44,2026,1364,03-03-2026 13.43,2779008.92,126.44,Unit,Flat
2800000,Muhaisanah First,929.03,2026,2488,21-05-2026 11.02,2800000,929.03,Land,Residential
2800000,Al Bada,362.32,2026,315,13-01-2026 14.53,2800000,362.32,Land,Residential
2800000,Al Twar First,929,2026,2853,23-06-2026 12.42,2800000,929,Land,Government Housing
2812670,Marsa Dubai,104.04,2026,1789,06-04-2026 15.50,2812669.5,104.04,Unit,Flat
2816096,Business Bay,124.63,2026,1650,26-03-2026 14.26,2816096.12,124.63,Unit,Flat
2817591,Trade Center First,132.5,2026,2520,25-05-2026 11.16,2817591.18,132.5,Unit,Office
2817804,Trade Center First,132.51,2026,2522,25-05-2026 14.02,2817803.83,132.51,Unit,Office
2818787,Burj Khalifa,157.19,2026,2878,24-06-2026 15.17,2818787.17,157.19,Unit,Flat
2819088,Hadaeq Sheikh Mohammed Bin Rashid,292.82,2026,1603,24-03-2026 12.42,2819087.5,292.82,Building,Villa
2840954,Palm Jumeirah,99.98,2026,2494,21-05-2026 14.13,2840953.95,99.98,Unit,Flat
2856588,Mirdif,884.62,2026,2365,13-05-2026 12.42,2856588,884.62,Land,Residential
2857815,Hor Al Anz,442.5,2026,1185,20-02-2026 13.44,2857815,442.5,Land,Commercial
2875092,Saih Shuaib 1,890.35,2026,2129,27-04-2026 8.24,2875092,890.35,Land,
2881195,Al Khawaneej Second,892.24,2026,1444,10-03-2026 11.46,2881195,892.24,Land,
2881284,Al Kheeran,258.67,2026,955,11-02-2026 10.52,2881283.98,258.67,Unit,Flat
2899041,Al Raffa,269.33,2026,2582,03-06-2026 15.41,2899041,269.33,Land,Commercial
2906597,Al Bada,192.88,2026,2576,03-06-2026 13.19,2906597,192.88,Land,Residential
2948890,Al Hebiah Sixth,171.16,2026,1780,06-04-2026 12.29,2948889.68,171.16,Unit,Flat
2957489,Dubai Investment Park Second,549.52,2026,2751,17-06-2026 7.21,2957489,549.52,Land,
2962236,Burj Khalifa,161.37,2026,273,12-01-2026 16.42,2962235.81,161.37,Unit,Flat
2964329,Al Barsha South Fourth,206.91,2026,1212,23-02-2026 12.55,2964328.89,206.91,Unit,Flat
2971787,Palm Jumeirah,144.07,2026,2351,12-05-2026 12.43,2971786.5,144.07,Unit,Flat
2976294,Al Rashidiya,921.69,2026,890,09-02-2026 11.21,2976294,921.69,Land,Cooling Station
2997617,Al Layan1,696.22,2026,2184,29-04-2026 10.24,2997617,696.22,Land,Labor Camp
2999996,Mirdif,929.03,2026,641,27-01-2026 10.23,2999996,929.03,Land,Residential
2999996,Mirdif,929.03,2026,588,24-01-2026 13.03,2999996,929.03,Land,Residential
3000000,Al Hebiah Sixth,168.13,2026,746,02-02-2026 15.23,3000000,168.13,Building,Villa
3000000,Al Hebiah Sixth,168.04,2026,747,02-02-2026 15.33,3000000,168.04,Building,Villa
3000000,Al Hebiah Sixth,168,2026,750,02-02-2026 15.44,3000000,168,Building,Villa
3000000,Al Hebiah Sixth,168,2026,771,03-02-2026 9.30,3000000,168,Building,Villa
3000000,Hadaeq Sheikh Mohammed Bin Rashid,136.34,2026,2542,01-06-2026 15.48,3000000,136.34,Building,Villa
3000000,Al Hebiah Sixth,206.89,2026,2540,01-06-2026 12.49,3000000,206.89,Land,Residential
3000000,Al Twar First,929.03,2026,243,12-01-2026 8.57,3000000,929.03,Land,Government Housing
3000000,Al Goze Fourth,737.91,2026,551,22-01-2026 15.16,3000000,738,Land,
3000000,Al Murqabat,296.34,2026,3032,30-06-2026 13.09,3000000,296.34,Land,Commercial
3000000,Ras Al Khor Industrial Second,1858.06,2026,1646,26-03-2026 12.15,3000000,1858.06,Land,Industrial
3000000,Al Bada,334.45,2026,744,02-02-2026 15.07,3000000,334.45,Land,Residential / Attached Villas
3000000,Abu Hail,696.81,2026,2830,22-06-2026 9.09,3000000,696.81,Land,Commercial
3000028,Al Satwa,232.26,2026,475,20-01-2026 9.20,3000028,232.26,Land,Residential
3000157,Um Suqaim Second,464.54,2026,2486,21-05-2026 10.22,3000157,464.54,Land,Residential
3002353,Al Khawaneej Second,929.76,2026,670,28-01-2026 22.35,3002353,929.76,Land,
3024979,Hor Al Anz,562.07,2026,2670,09-06-2026 13.25,3024979,562.06,Land,Commercial
3030381,Marsa Dubai,135.92,2026,1219,23-02-2026 20.19,3030381.27,135.92,Unit,Flat
3038606,Wadi Al Safa 7,403.28,2026,2159,27-04-2026 19.13,3038606,403.28,Land,Land
3065855,Al Ttay,1139.32,2026,265,12-01-2026 13.33,3065855,1139.31,Land,Industrial
3065882,Al Ttay,1139.32,2026,263,12-01-2026 13.24,3065882,1139.32,Land,Industrial
3082177,Al Thanyah Fifth,196.95,2026,1251,24-02-2026 12.40,3082177.04,196.95,Unit,Flat
3087069,Saih Shuaib 1,988.96,2026,2489,21-05-2026 11.53,3087069,988.96,Land,
3100000,Hor Al Anz,211.36,2026,2157,27-04-2026 14.22,3100000,211.36,Land,Residential
3100035,Saih Shuaib 1,960.01,2026,1928,15-04-2026 13.28,3100035,960.01,Land,
3106942,Business Bay,179.05,2026,2278,06-05-2026 13.19,3106941.87,179.05,Unit,Office
3112346,Wadi Al Safa 7,195.57,2026,556,22-01-2026 17.08,3112345.92,195.57,Building,Villa
3113826,Al Kifaf,139.55,2026,2698,11-06-2026 10.09,3113826.3,139.55,Unit,Flat
3125626,Me'Aisem First,246.87,2026,1774,06-04-2026 10.49,3125626.24,246.87,Unit,Flat
3131262,Hor Al Anz,342.16,2026,1963,16-04-2026 11.50,3131262,342.24,Land,Commercial
3136977,Saih Shuaib 1,971.45,2026,2014,17-04-2026 15.11,3136977,971.45,Land,
3140343,Burj Khalifa,117.05,2026,1068,16-02-2026 8.52,3140342.89,117.05,Unit,Flat
3143770,Zaabeel Second,122.12,2026,1412,09-03-2026 2.28,3143770,122.12,Unit,Flat
3150905,Saih Shuaib 1,1009.41,2026,2492,21-05-2026 13.28,3150905,1009.41,Land,
3163001,Burj Khalifa,117.44,2026,1681,30-03-2026 19.08,3163001.4,117.44,Unit,Flat
3167525,Wadi Al Safa 7,420.39,2026,2165,28-04-2026 9.50,3167525,420.39,Land,Land
3199946,Al Satwa,594.58,2026,562,23-01-2026 8.39,3199946,594.57,Land,Residential
3200000,Wadi Al Safa 5,145.07,2026,1260,24-02-2026 13.46,3200000,145.07,Building,Villa
3200000,Wadi Al Safa 7,271.47,2026,2180,28-04-2026 15.28,3200000,271.47,Building,Villa
3210371,Al Hebiah First,300.79,2026,1806,07-04-2026 23.30,3210371.28,300.79,Building,Villa
3213150,Um Hurair Second,194.31,2026,2002,17-04-2026 12.00,3213150.02,194.31,Unit,Flat
3216146,Dubai Investment Park Second,597.58,2026,2308,11-05-2026 8.36,3216146,597.58,Land,
3227067,Burj Khalifa,157.96,2026,2379,14-05-2026 12.40,3227067.13,157.96,Unit,Office
3229170,Al Rowaiyah Third,3000,2026,730,02-02-2026 12.53,3229170,3000,Land,
3233002,World Islands,107.27,2026,91,06-01-2026 11.43,3233002,107.27,Unit,Hotel Rooms
3242220,Marsa Dubai,128.49,2026,2793,18-06-2026 12.09,3242219.97,128.49,Unit,Flat
3242759,Wadi Al Safa 3,860.75,2026,981,11-02-2026 14.19,3242759,860.75,Land,Residential
3257806,Saih Shuaib 1,1080.93,2026,2636,08-06-2026 13.52,3257806,1080.93,Land,
3263431,Al Hamriya,336.87,2026,1696,31-03-2026 10.36,3263431,336.87,Land,Commercial
3272226,Wadi Al Safa 7,608,2026,19,02-01-2026 11.47,3272226,608,Land,Residential
3275301,Al Hebiah First,315.38,2026,1807,07-04-2026 23.35,3275301.23,315.38,Building,Villa
3279007,Al Baraha,304.63,2026,1657,27-03-2026 10.43,3279007,304.63,Land,Residential
3290959,Business Bay,169.05,2026,1332,02-03-2026 9.07,3290959.04,169.05,Unit,Office
3294397,Burj Khalifa,154.5,2026,1354,03-03-2026 10.20,3294397.19,154.5,Unit,Flat
3298834,Hor Al Anz,211.36,2026,1539,17-03-2026 12.52,3298834,211.36,Land,Residential
3299936,Jabal Ali Industrial First,1393.52,2026,2583,03-06-2026 15.49,3299936,1393.52,Land,
3300000,Al Bada,386.66,2026,2321,11-05-2026 13.21,3300000,386.66,Land,
3300000,Hor Al Anz,211.35,2026,898,09-02-2026 12.42,3300000,211.35,Land,Residential
3307316,Dubai Investment Park Second,614.52,2026,2306,11-05-2026 8.14,3307316,614.52,Land,
3310480,Marsa Dubai,146.42,2026,684,29-01-2026 13.49,3310479.81,146.42,Unit,Flat
3311637,Al Aweer Second,6185.48,2026,1947,16-04-2026 9.33,26631955,6185.48,Land,Residential
3334333,Port Saeed,619.54,2026,2243,05-05-2026 10.15,3334333,619.54,Land,Commercial
3351410,Um Suqaim First,479.01,2026,2483,21-05-2026 9.41,3351410,479.01,Land,Residential
3380393,Al Jadaf,174.64,2026,450,19-01-2026 9.05,3380392.8,174.64,Unit,Flat
3390666,Saih Shuaib 1,900.01,2026,184,08-01-2026 13.36,3390666,900.01,Land,
3400000,Al Khawaneej Second,1043.02,2026,2484,21-05-2026 9.56,3400000,1043.02,Land,
3400000,Al Waheda,1281.6,2026,1624,25-03-2026 12.09,3400000,1281.6,Land,Government Housing
3419987,Abu Hail,334.45,2026,1002,12-02-2026 10.05,3419987,334.45,Land,Residential
3428673,Burj Khalifa,159.85,2026,1145,17-02-2026 14.00,3428673.23,159.85,Unit,Flat
3446642,Nadd Hessa,1185.94,2026,1671,30-03-2026 12.03,3446642,1185.94,Land,
3455573,Al Hebiah Sixth,181.24,2026,2962,26-06-2026 11.55,3455573.05,181.24,Unit,Flat
3463553,Marsa Dubai,346.11,2026,167,08-01-2026 9.57,3463552.63,346.11,Unit,Flat
3487504,Wadi Al Safa 7,405,2026,2777,17-06-2026 17.35,3487504,405,Land,Residential
3494276,Al Khawaneej Second,1159.39,2026,1171,19-02-2026 12.23,3494276,1159.39,Land,Government Housing
3497059,Palm Jumeirah,147.04,2026,103,06-01-2026 14.39,3497059.18,147.04,Unit,Flat
3499995,Al Goze First,929.03,2026,1501,15-03-2026 12.25,3499995,929.03,Land,Residential
3500000,Al Thanayah Fourth,172.29,2026,804,04-02-2026 9.27,3500000,172.29,Building,Villa
3500000,Hor Al Anz,211,2026,1880,10-04-2026 10.16,3500000,211,Land,Residential
3500000,Al Satwa,594.58,2026,316,13-01-2026 14.59,3500000,594.58,Land,Residential
3500000,Muhaisanah Third,1393.55,2026,1434,10-03-2026 10.31,3500000,1393.55,Land,Residential
3500000,Al Jafliya,334.45,2026,3013,30-06-2026 9.12,3500000,334.45,Land,Residential
3500000,Al Warqa Second,1204.67,2026,2996,29-06-2026 14.00,3500000,1204.67,Land,Residential
3500000,Al Twar Fourth,1393.55,2026,473,20-01-2026 8.45,3500000,1393.55,Land,Residential
3500000,Al Jafliya,428.93,2026,922,10-02-2026 9.19,3500000,428.93,Land,Residential
3500000,Al Twar Second,1393.55,2026,1952,16-04-2026 10.15,3500000,1393.55,Land,Residential
3500000,Al Murqabat,231.33,2026,841,05-02-2026 11.47,3500000,231.33,Land,Commercial
3516760,Saih Shuaib 1,933.48,2026,232,09-01-2026 16.44,3516760,933.48,Land,
3521636,Al Mararr,251.67,2026,2314,11-05-2026 10.38,3521636,251.67,Land,Commercial
3521746,Burj Khalifa,146.14,2026,2485,21-05-2026 10.14,3521746.47,146.14,Unit,Flat
3523670,Saih Shuaib 1,1023,2026,2297,07-05-2026 22.15,3523670,1023,Land,
3552671,Business Bay,204.59,2026,2272,06-05-2026 11.20,3552671.31,204.59,Unit,Office
3561365,Al Satwa,236.33,2026,2696,11-06-2026 9.50,3561365,236.33,Land,Residential
3566723,Marsa Dubai,131.07,2026,189,08-01-2026 18.43,3566723.49,131.07,Unit,Flat
3581698,Ras Al Khor Industrial Second,1109.17,2026,736,02-02-2026 13.34,3581698,1109.17,Land,Workshop
3584379,Wadi Al Safa 5,555,2026,2804,18-06-2026 17.03,3584379,555,Land,Residential
3650562,Dubai Investment Park First,372.5,2026,2154,27-04-2026 12.30,3650562.23,372.5,Building,Villa
3660797,Port Saeed,523.23,2026,1784,06-04-2026 13.06,3660797,523.23,Land,Commercial
3665239,Al Khairan First,143.6,2026,599,26-01-2026 9.08,3665238.57,143.6,Unit,Flat
3674957,Al Bada,227.61,2026,2074,22-04-2026 9.51,3674957,227.61,Land,Residential
3694858,Burj Khalifa,169.96,2026,2622,06-06-2026 23.03,3694857.65,169.96,Unit,Office
3700000,Al Hebiah Third,283.37,2026,175,08-01-2026 11.32,3700000,283.37,Land,Residential
3700000,Muhaisanah First,1115,2026,1906,13-04-2026 13.01,3700000,1115,Land,Residential
3714680,Al Hebiah Sixth,193.98,2026,2963,26-06-2026 12.01,3714679.56,193.98,Unit,Flat
3735278,Burj Khalifa,141.06,2026,1256,24-02-2026 13.01,3735277.59,141.06,Unit,Hotel Apartment
3735988,Al Muteena,694.17,2026,2687,10-06-2026 13.10,3735988,694.17,Land,Commercial
3749874,Al Mizhar Second,929,2026,2575,03-06-2026 12.41,3749874,929,Land,Residential
3750035,Al Bada,232.26,2026,946,10-02-2026 17.18,3750035,232.26,Land,Residential
3754334,Marsa Dubai,259.1,2026,1383,04-03-2026 14.09,3754334.16,259.1,Unit,Flat
3796547,Marsa Dubai,177.74,2026,1977,17-04-2026 8.22,3796547.03,177.74,Unit,Flat
3800000,Jabal Ali First,224,2026,2726,16-06-2026 9.57,3800000,224,Land,Residential
3800000,Jabal Ali First,224,2026,2726,16-06-2026 9.57,3800000,224,Land,Residential
3800000,Al Warqa Third,1115.58,2026,1399,05-03-2026 14.03,3800000,1116,Land,Residential
3800000,Al Goze Fourth,717,2026,2472,20-05-2026 12.37,3800000,717,Land,
3800000,Al Satwa,594.57,2026,2533,01-06-2026 10.48,3800000,594.57,Land,Residential
3819252,Al Khairan First,156.81,2026,2220,03-05-2026 15.52,3819251.76,156.81,Unit,Flat
3819260,Al Khairan First,149.23,2026,591,26-01-2026 8.36,3819259.65,149.23,Unit,Flat
3819260,Al Khairan First,149.23,2026,597,26-01-2026 9.04,3819259.65,149.23,Unit,Flat
3852538,Um Hurair Second,320.44,2026,1803,07-04-2026 14.08,3852538.07,320.44,Unit,Clinic
3855956,Al Khairan First,152.35,2026,671,28-01-2026 23.07,3855956.25,152.35,Unit,Flat
3860889,Marsa Dubai,242.97,2026,1504,16-03-2026 9.50,3860888.52,242.97,Unit,Flat
3875004,Al Layan1,1800,2026,153,07-01-2026 13.06,3875004,1800,Land,Industrial
3888324,Jumeirah First,555.75,2026,324,14-01-2026 8.16,3888324,555.75,Land,Residential
3892216,Me'Aisem First,259.71,2026,466,19-01-2026 11.56,3892216.09,259.71,Building,Villa
3918507,Mirdif,758.42,2026,2885,25-06-2026 7.30,3918507,758.42,Land,Residential / Attached Villas
3924391,Burj Khalifa,159.36,2026,2953,26-06-2026 11.15,3924391.09,159.36,Unit,Flat
3926988,Al Baraha,1042.37,2026,1280,25-02-2026 12.28,3926988,1042.37,Land,Commercial
3935760,Al Wasl,119.22,2026,1707,31-03-2026 20.00,3935760,119.22,Unit,Flat
3937004,Jabal Ali Industrial First,914.4,2026,1470,12-03-2026 10.52,3937004,914.4,Land,
3980302,Business Bay,150.58,2026,1319,27-02-2026 9.12,3980302.47,150.58,Unit,Office
3988831,Al Wasl,160.04,2026,959,11-02-2026 11.25,3988830.59,160.04,Unit,Flat
3995835,Jumeirah First,149.88,2026,1787,06-04-2026 14.20,3995835.45,149.88,Unit,Flat
3999994,Ghadeer Al tair,929.03,2026,1341,02-03-2026 11.31,3999994,929.03,Land,Residential
4000000,Hor Al Anz,231.14,2026,1344,02-03-2026 11.51,4000000,231.19,Land,Residential
4000000,Al Hebiah Sixth,311.37,2026,873,06-02-2026 14.22,4000000,311.37,Building,Villa
4000000,Al Thanayah Fourth,287.3,2026,494,20-01-2026 13.21,4000000,567.92,Building,Villa
4000000,Hadaeq Sheikh Mohammed Bin Rashid,145.29,2026,2490,21-05-2026 11.58,4000000,145.29,Unit,Flat
4000000,Al Warqa Second,1076.83,2026,2181,29-04-2026 8.04,4000000,1076.83,Land,Residential
4000000,Al Goze First,929.03,2026,2096,22-04-2026 13.05,4000000,929.03,Land,Residential
4000000,Al Warqa Third,1217.96,2026,497,20-01-2026 13.47,4000000,1217.96,Land,Residential
4000000,Me'Aisem First,190.4,2026,431,16-01-2026 9.15,4000000,190.4,Land,Residential
4000000,Jabal Ali First,224,2026,559,22-01-2026 17.31,4000000,224,Land,Commercial
4000000,Jabal Ali First,224,2026,559,22-01-2026 17.31,4000000,224,Land,Commercial
4000000,Jabal Ali First,238,2026,1923,13-04-2026 18.01,4000000,238,Land,Commercial
4000000,Al Warqa Second,1150.05,2026,2193,30-04-2026 8.25,4000000,1150.05,Land,Government Housing
4000000,Jumeirah First,203.36,2026,1299,26-02-2026 11.42,4000000,203.36,Land,Residential
4000000,Al Twar First,929.03,2026,2491,21-05-2026 13.12,4000000,929.03,Land,Residential
4000000,Al Warqa Second,1212.38,2026,780,03-02-2026 12.17,4000000,1212.38,Land,Residential
4000000,Al Aweer Second,2065.8,2026,422,16-01-2026 8.31,4000000,2068.42,Land,Residential
4000000,Al Warqa Fourth,948.91,2026,2932,25-06-2026 14.09,4000000,948.91,Land,
4003912,Hor Al Anz,422.7,2026,163,07-01-2026 15.32,4003912,422.7,Land,Commercial
4004007,Hor Al Anz,422.71,2026,844,05-02-2026 14.27,4004007,422.71,Land,Residential
4040273,Al Mararr,268.11,2026,2944,26-06-2026 8.55,4040273,268.11,Land,Commercial
4053215,Al Khairan First,158.61,2026,579,23-01-2026 13.55,4053214.6,158.61,Unit,Flat
4060576,Al Wasl,158.84,2026,1738,01-04-2026 17.15,4060576.34,158.84,Unit,Flat
4077494,Jumeirah Second,541.16,2026,2879,24-06-2026 16.16,4077494,541.16,Land,Residential
4097817,Al Karama,423,2026,872,06-02-2026 11.57,4097817,423,Land,Commercial
4133817,Saih Shuaib 1,1097.27,2026,1284,25-02-2026 14.33,4133817,1097.27,Land,
4134300,Al Thanyah Third,187.39,2026,1221,23-02-2026 20.44,4134300.14,187.39,Unit,Flat
4165000,Al Jafliya,455.22,2026,2976,29-06-2026 9.16,4165000,455.22,Land,Residential
4177771,Wadi Al Safa 6,646.88,2026,1168,19-02-2026 11.50,4177771,646.88,Land,Residential
4194005,Business Bay,158.34,2026,1317,27-02-2026 9.03,4194004.58,158.34,Unit,Office
4200000,Al Twar Second,929.03,2026,542,22-01-2026 10.11,4200000,929.03,Land,Residential
4200009,Al Khawaneej First,1114.84,2026,2881,24-06-2026 19.57,4200009,1114.84,Land,Government Housing
4200047,Al Barshaa South First,1114.85,2026,2426,19-05-2026 10.48,4200047,1114.85,Land,Residential
4201365,Nad Al Hamar,1394,2026,304,13-01-2026 13.24,4201365,1394,Land,Residential
4225434,Al Layan1,1962.78,2026,2844,22-06-2026 17.47,4225434,1962.78,Land,Industrial
4252978,Marsa Dubai,112.89,2026,408,15-01-2026 11.25,4252978,112.89,Unit,Flat
4264057,Burj Khalifa,174.47,2026,48,05-01-2026 11.14,4264057.18,174.47,Unit,Flat
4296991,Burj Khalifa,159.52,2026,1368,04-03-2026 10.14,4296991.11,159.52,Unit,Flat
4300000,Al Suq Al Kabeer,335.94,2026,931,10-02-2026 10.39,4300000,335.94,Land,Commercial
4300000,Marsa Dubai,160.92,2026,1396,05-03-2026 12.30,4300000,160.86,Unit,Flat
4300000,Al Waheda,1335.02,2026,529,21-01-2026 12.41,4300000,1340.87,Land,Commercial
4300000,Al Satwa,232.26,2026,1900,13-04-2026 10.33,4300000,232.26,Land,
4320113,Al Suq Al Kabeer,334.46,2026,860,06-02-2026 9.13,4320113,334.46,Land,Commercial
4320113,Al Suq Al Kabeer,334.46,2026,910,09-02-2026 14.44,4320113,334.46,Land,Commercial
4334850,Al Wasl,137.99,2026,1704,31-03-2026 19.44,4334850,137.99,Unit,Flat
4339617,Al Ttay,2015.82,2026,2053,21-04-2026 10.22,4339617,2015.82,Land,Industrial
4359238,Palm Jumeirah,155.8,2026,580,23-01-2026 14.58,4359237.83,155.8,Unit,Flat
4362639,Zaabeel Second,151.54,2026,2512,22-05-2026 11.18,4362639.21,151.54,Unit,Flat
4399994,Al Qusais Industrial Third,1858.06,2026,23,02-01-2026 16.47,4399994,1858.06,Land,Industrial
4400000,Al Yufrah 1,300,2026,1445,10-03-2026 12.17,4400000,300,Building,Villa
4438578,Palm Jumeirah,185.5,2026,624,26-01-2026 14.59,4438577.62,185.5,Unit,Flat
4440066,Al Qusais Industrial Fifth,2062.48,2026,933,10-02-2026 11.15,4440066,2062.48,Land,
4454850,Al Bada,752.49,2026,940,10-02-2026 14.22,4454850,752.49,Land,Residential
4463850,Mirdif,863.97,2026,2893,25-06-2026 8.10,4463850,863.97,Land,Residential / Villas
4477131,Al Jafliya,924.31,2026,2729,16-06-2026 10.44,4477131,924.31,Land,Residential
4499994,Jabal Ali Industrial First,929.03,2026,958,11-02-2026 11.19,4499994,929.03,Land,
4499994,Al Jafliya,929.03,2026,3011,30-06-2026 9.01,4499994,929.03,Land,Residential
4500000,Jabal Ali First,224,2026,2705,11-06-2026 12.55,4500000,224,Land,Residential
4500000,Al Aweer First,1150.77,2026,9,02-01-2026 9.58,4500000,1150.77,Land,
4500000,Jabal Ali First,224,2026,2705,11-06-2026 12.55,4500000,224,Land,Residential
4500000,Jumeirah First,585.29,2026,928,10-02-2026 10.19,4500000,585.29,Land,Residential
4500000,Al Rashidiya,1952.63,2026,412,15-01-2026 13.38,4500000,1950.96,Land,Residential
4500000,Al Barshaa South First,1185.07,2026,7,02-01-2026 8.25,4500000,1185.07,Land,Government Housing
4500000,Muhaisanah Third,2108.81,2026,2798,18-06-2026 13.51,4500000,2108.81,Land,Residential
4500000,Al Wasl,464.52,2026,337,14-01-2026 9.23,4500000,464.52,Land,Residential
4500000,Saih Shuaib 1,1138.55,2026,1711,01-04-2026 7.32,4500000,1138.55,Land,
4500000,Al Warqa Second,1358.24,2026,2874,24-06-2026 13.25,4500000,1358.24,Land,Residential
4500000,Al Goze Industrial Third,1858.06,2026,1888,10-04-2026 15.03,4500000,1858.06,Land,Industrial
4500000,Al Goze First,929.03,2026,62,05-01-2026 16.21,4500000,929.03,Land,Residential
4500000,Al Rashidiya,1858.05,2026,309,13-01-2026 14.28,4500000,1858.06,Land,Residential
4500010,Mirdif,1393.55,2026,646,27-01-2026 12.38,4500010,1393.55,Land,Residential
4502948,Nad Al Shiba First,464.82,2026,2737,16-06-2026 12.50,4502948,464.82,Land,Villa
4503045,Nad Al Shiba First,464.83,2026,1030,12-02-2026 16.19,4503045,464.83,Land,Villa
4506537,Palm Jumeirah,182.73,2026,101,06-01-2026 14.32,4506536.62,182.73,Unit,Flat
4512967,Burj Khalifa,152.95,2026,1306,26-02-2026 12.25,4512966.76,152.95,Unit,Flat
4517350,Mirdif,699.46,2026,2125,27-04-2026 7.36,4517350,699.46,Land,Residential / Attached Villas
4549901,Al Karama,211.35,2026,935,10-02-2026 12.22,4549901,211.35,Land,Commercial
4549901,Al Karama,211.35,2026,503,20-01-2026 16.12,4549901,211.35,Land,Commercial
4549901,Al Karama,211.35,2026,896,09-02-2026 12.34,4549901,211.35,Land,Commercial
4549901,Al Karama,211.35,2026,1249,24-02-2026 12.20,4549901,211.35,Land,Commercial
4549901,Al Karama,211.35,2026,775,03-02-2026 11.10,4549901,211.35,Land,Commercial
4549901,Al Karama,211.35,2026,1783,06-04-2026 12.39,4549901,211.35,Land,Commercial
4549901,Al Karama,211.35,2026,2112,23-04-2026 11.15,4549901,211.35,Land,Commercial
4549901,Al Karama,211.35,2026,643,27-01-2026 12.14,4549901,211.35,Land,Commercial
4549901,Al Karama,211.35,2026,988,12-02-2026 9.07,4549901,211.35,Land,Commercial
4549901,Al Karama,211.35,2026,993,12-02-2026 9.20,4549901,211.35,Land,Commercial
4549901,Al Karama,211.35,2026,1339,02-03-2026 10.43,4549901,211.35,Land,Commercial
4549901,Al Karama,211.35,2026,2618,05-06-2026 15.29,4549901,211.35,Land,Commercial
4549901,Al Karama,211.35,2026,902,09-02-2026 13.15,4549901,211.35,Land,Commercial
4550116,Al Karama,211.35,2026,266,12-01-2026 13.50,4550116,211.36,Land,Commercial
4553776,Al Karama,211.35,2026,295,13-01-2026 11.20,4553776,211.53,Land,Commercial
4560019,Al Karama,211.82,2026,1649,26-03-2026 13.13,4560019,211.82,Land,Commercial
4600000,Al Hudaiba,933.49,2026,2283,07-05-2026 8.44,4600000,933.49,Land,
4601421,Al Thanyah Third,193.11,2026,577,23-01-2026 12.05,4601420.93,193.11,Unit,Flat
4636874,Marsa Dubai,271.46,2026,1304,26-02-2026 12.13,4636874.3,271.46,Unit,Flat
4667604,Al Suq Al Kabeer,289.86,2026,1552,18-03-2026 11.43,4667604,289.09,Land,Commercial
4677100,Mirdif,835.61,2026,1979,17-04-2026 8.31,4677100,835.61,Land,Residential / Villas
4679982,Al Bada,668.9,2026,2155,27-04-2026 12.53,4679982,668.9,Land,Residential
4700000,Muhaisanah Third,1351.37,2026,2358,13-05-2026 8.30,4700000,1351.37,Land,Residential
4720139,Mirdif,894.93,2026,2894,25-06-2026 8.18,4720139,894.93,Land,Residential / Attached Villas
4754211,Mirdif,901.39,2026,2896,25-06-2026 8.29,4754211,901.39,Land,Residential / Villas
4754211,Mirdif,901.39,2026,2897,25-06-2026 8.36,4754211,901.39,Land,Residential / Attached Villas
4798805,Mirdif,928.8,2026,2887,25-06-2026 7.33,4798805,928.8,Land,Government Housing
4799787,Mirdif,928.99,2026,2901,25-06-2026 8.53,4799787,928.99,Land,Residential / Attached Villas
4799838,Mirdif,929,2026,2902,25-06-2026 8.56,4799838,929,Land,Residential / Villas
4799890,Mirdif,929.01,2026,2888,25-06-2026 7.36,4799890,929.01,Land,Residential / Villas
4800000,Al Barshaa South First,1114.84,2026,1405,06-03-2026 10.46,4800000,1114.84,Land,Residential
4800000,Al Warqa Second,1178.1,2026,1540,17-03-2026 12.54,4800000,1178.1,Land,Residential
4800045,Mirdif,929.04,2026,2890,25-06-2026 7.39,4800045,929.04,Land,Residential / Villas
4800045,Mirdif,929.04,2026,2898,25-06-2026 8.46,4800045,929.04,Land,Residential / Villas
4800045,Mirdif,929.04,2026,2261,06-05-2026 7.58,4800045,929.04,Land,Residential / Villas
4800045,Mirdif,929.04,2026,2265,06-05-2026 9.29,4800045,929.04,Land,Residential / Attached Villas
4800045,Mirdif,929.04,2026,3026,30-06-2026 12.04,4800045,929.04,Land,Residential / Villas
4800097,Mirdif,929.05,2026,3027,30-06-2026 12.08,4800097,929.05,Land,Residential / Attached Villas
4800097,Mirdif,929.05,2026,2891,25-06-2026 7.43,4800097,929.05,Land,Residential / Villas
4800148,Mirdif,929.06,2026,2266,06-05-2026 9.42,4800148,929.06,Land,Residential / Villas
4800252,Mirdif,929.08,2026,2267,06-05-2026 9.46,4800252,929.08,Land,Residential / Villas
4800699,Al Qusais Industrial First,2229.67,2026,1629,25-03-2026 14.35,4800699,2230,Land,Residential
4800717,Mirdif,929.17,2026,2899,25-06-2026 8.48,4800717,929.17,Land,Residential / Villas
4802835,Mirdif,929.58,2026,2900,25-06-2026 8.51,4802835,929.58,Land,Residential / Attached Villas
4848653,Mirdif,900.91,2026,2895,25-06-2026 8.24,4848653,900.91,Land,Residential / Attached Villas
4853981,Mirdif,901.9,2026,3023,30-06-2026 11.29,4853981,901.9,Land,Residential / Attached Villas
4875993,Warsan Fourth,4529.95,2026,1980,17-04-2026 8.31,4875993,4529.95,Land,Commercial
4892230,Mirdif,826.37,2026,3016,30-06-2026 10.07,4892230,826.37,Land,Residential / Villas
4892230,Mirdif,826.37,2026,1978,17-04-2026 8.23,4892230,826.37,Land,Residential / Villas
4900000,Hadaeq Sheikh Mohammed Bin Rashid,193.83,2026,2370,31-05-2026 0.00,4900000,193.83,Building,Villa
4900000,Al Hamriya,257.62,2026,1921,13-04-2026 14.57,4900000,257.62,Land,Commercial
4910362,Saih Shuaib 1,1140.47,2026,1179,19-02-2026 14.30,4910362,1140.47,Land,
4912687,Naif,351.08,2026,318,13-01-2026 15.04,4912687,351.08,Land,Commercial
4918672,Nad Al Shiba First,456.96,2026,1823,08-04-2026 12.44,4918672,456.96,Land,Villa
4919498,Mirdif,952.16,2026,2883,25-06-2026 7.16,4919498,952.16,Land,Residential / Villas
4921255,Jabal Ali Industrial First,914.4,2026,465,19-01-2026 11.51,4921255,914.4,Land,
4945777,Burj Khalifa,170.32,2026,2208,01-05-2026 14.24,4945777.44,170.32,Unit,Flat
4996699,Al Mararr,403.66,2026,1945,16-04-2026 9.12,4996699,403.66,Land,Commercial
4999444,Um Suqaim First,422.24,2026,26,02-01-2026 18.32,4999444,422.24,Land,Residential
4999724,Mirdif,928.98,2026,2260,06-05-2026 7.43,4999724,928.98,Land,Residential / Attached Villas
4999939,Mirdif,929.02,2026,2263,06-05-2026 8.30,4999939,929.02,Land,Residential / Villas
4999939,Mirdif,929.02,2026,2262,06-05-2026 8.16,4999939,929.02,Land,Residential / Villas
4999993,Jabal Ali Industrial First,1858.06,2026,525,21-01-2026 11.58,4999993,1858.06,Land,Warehouse
4999993,Al Ttay,1858.06,2026,463,19-01-2026 11.09,4999993,1858.06,Land,Labor Camp
4999993,Mirdif,929.03,2026,3025,30-06-2026 11.57,4999993,929.03,Land,Residential / Attached Villas
4999993,Mirdif,929.03,2026,3024,30-06-2026 11.52,4999993,929.03,Land,Residential / Attached Villas
4999993,Mirdif,929.03,2026,2264,06-05-2026 8.50,4999993,929.03,Land,Residential / Villas
5000000,Al Twar Third,1393.55,2026,2182,29-04-2026 8.09,5000000,1393.55,Land,Residential
5000000,Mirdif,743.21,2026,2117,24-04-2026 8.59,5000000,743.21,Land,Residential
5000000,Ras Al Khor Industrial First,3180.07,2026,809,04-02-2026 12.22,5000000,3180.07,Land,Industrial
5000000,Jumeirah First,240.25,2026,1313,26-02-2026 14.47,5000000,278.71,Land,Residential
5000000,Al Mizhar First,1393.55,2026,2866,24-06-2026 10.16,5000000,1394,Land,Residential
5000000,Al Barsha South Fifth,601.52,2026,66,05-01-2026 20.15,5000000,601.52,Land,Residential
5000000,Nad Al Hamar,1393.55,2026,1674,30-03-2026 13.50,5000000,1393.55,Land,Residential
5000000,Marsa Dubai,124.94,2026,1298,26-02-2026 11.40,5000000,124.94,Unit,Flat
5000000,Al Twar Third,1487.4,2026,1743,02-04-2026 8.21,5000000,1487.4,Land,Residential
5000000,Nad Al Hamar,1393.56,2026,2995,29-06-2026 13.40,5000000,1393.56,Land,Residential
5000000,Nad Al Hamar,1393.55,2026,2420,19-05-2026 9.49,5000000,1393.55,Land,Residential
5000047,Al Karama,232.26,2026,1325,27-02-2026 11.22,5000047,232.26,Land,Commercial
5003384,Nad Al Shiba First,464.83,2026,1324,27-02-2026 11.05,5003384,464.83,Land,Villa
5005009,Hor Al Anz,422.71,2026,1323,27-02-2026 10.35,5005009,422.71,Land,Residential
5005041,Al Bada,357.68,2026,783,03-02-2026 15.11,5005041,357.68,Land,Residential
5027903,Burj Khalifa,160.56,2026,1305,26-02-2026 12.22,5027902.65,160.56,Unit,Flat
5037193,Mirdif,1337.06,2026,1630,25-03-2026 15.48,5037193,1337.06,Land,Residential
5039981,Al Suq Al Kabeer,334.45,2026,965,11-02-2026 12.04,5039981,334.45,Land,Commercial
5048355,Nad Al Shiba First,586.26,2026,1886,10-04-2026 12.10,5048355,586.26,Land,Villa
5055182,Marsa Dubai,202.78,2026,2970,26-06-2026 15.53,5055181.53,202.78,Unit,Flat
5055911,Mankhool,469.71,2026,1386,05-03-2026 10.25,5055911,469.71,Land,
5064372,Mirdif,980.2,2026,2026,20-04-2026 10.36,5064372,980.2,Land,Residential / Villas
5065457,Mirdif,980.41,2026,2027,20-04-2026 10.38,5065457,980.41,Land,Residential / Villas
5100000,Al Mizhar First,1393.55,2026,2480,21-05-2026 7.10,5100000,1393.55,Land,Residential
5105425,Nad Al Shiba First,474.31,2026,1786,06-04-2026 14.00,5105425,474.31,Land,Villa
5122395,Al Hebiah First,314.66,2026,1679,30-03-2026 14.42,5122395.34,314.66,Unit,Office
5139203,Muhaisanah Fourth,1193.62,2026,657,28-01-2026 8.45,5139203,1193.62,Land,Residential
5153454,Jabal Ali Industrial First,1367.92,2026,1765,03-04-2026 17.22,5153454,1367.92,Land,
5156700,Mirdif,998.07,2026,2884,25-06-2026 7.27,5156700,998.07,Land,Residential / Attached Villas
5191636,Burj Khalifa,209.03,2026,474,20-01-2026 9.13,5191635.86,209.03,Unit,Flat
5200000,Wadi Al Safa 7,562.72,2026,2274,06-05-2026 11.43,5200000,562.72,Land,Residential
5200000,Wadi Al Safa 7,562.72,2026,2274,06-05-2026 11.43,5200000,562.72,Land,Residential
5200000,Port Saeed,451.79,2026,2464,20-05-2026 9.30,5200000,451.79,Land,Commercial
5202467,Mirdif,1380.93,2026,1661,28-03-2026 10.39,5202467,1380.93,Land,Residential
5203108,Mirdif,690.55,2026,2731,16-06-2026 11.37,5203108,1381.1,Land,Residential
5207424,Eyal Nasser,268.77,2026,1866,09-04-2026 14.35,5207424,268.77,Land,Commercial
5218095,Um Suqaim Third,186.45,2026,2958,26-06-2026 11.39,5218095.31,186.45,Unit,Flat
5223021,Al Yelayiss 1,970.47,2026,612,26-01-2026 12.21,5223021,970.47,Land,Villa
5235561,Wadi Al Safa 7,608,2026,1761,03-04-2026 12.13,5235561,608,Land,Residential
5250011,Nad Al Hamar,1393.55,2026,2116,24-04-2026 8.46,5250011,1393.55,Land,Residential
5250374,Burj Khalifa,206.94,2026,1731,01-04-2026 13.52,5250373.86,206.94,Unit,Flat
5252676,Jabal Ali Industrial First,975.98,2026,2100,23-04-2026 9.32,5252676,975.98,Land,Labor Camp
5258122,Mirdif,1017.7,2026,3028,30-06-2026 12.11,5258122,1017.7,Land,Residential / Villas
5258174,Mirdif,1017.71,2026,3030,30-06-2026 12.16,5258174,1017.71,Land,Residential / Villas
5300000,Al Thanyah Fifth,236.7,2026,2851,23-06-2026 12.20,5300000,236.7,Unit,Flat
5333932,Al Khawaneej First,900.98,2026,104,06-01-2026 14.48,5333932,900.98,Land,Residential
5333932,Al Khawaneej First,900.98,2026,2199,30-04-2026 12.57,5333932,900.98,Land,Residential
5333932,Al Khawaneej First,900.98,2026,943,10-02-2026 14.41,5333932,900.98,Land,Residential
5426091,Al Barshaa South Second,1200.24,2026,386,15-01-2026 8.52,5426091,1200.24,Land,Commercial
5426091,Al Barshaa South Second,1200.24,2026,2335,12-05-2026 10.44,5426091,1200.24,Land,Commercial
5452946,Marsa Dubai,197.75,2026,2677,09-06-2026 20.10,5452945.74,197.75,Unit,Flat
5456006,Al Baraha,460.8,2026,810,04-02-2026 12.24,5456006,460.8,Land,Commercial
5459416,Mirdif,1056.66,2026,2886,25-06-2026 7.32,5459416,1056.66,Land,Residential / Villas
5464800,Al Thanayah Fourth,254.62,2026,722,02-02-2026 11.32,5464800,254.62,Building,Villa
5476134,Al Warqa First,925,2026,1028,12-02-2026 14.06,5476134,925,Land,Government Housing
5477103,Mirdif,1017.68,2026,3029,30-06-2026 12.14,5477103,1017.68,Land,Residential / Villas
5482081,Al Hebiah Second,1455.15,2026,827,05-02-2026 10.35,5482081,1455.15,Land,
5495100,Wadi Al Safa 7,638.14,2026,1639,26-03-2026 10.54,5495100,638.14,Land,Residential
5499992,Saih Shuaib 1,929.03,2026,2390,15-05-2026 10.03,5499992,929.03,Land,
5500000,Nad Al Shiba First,428.94,2026,403,15-01-2026 10.10,5500000,428.94,Land,Villa
5500000,Me'Aisem First,223.23,2026,432,16-01-2026 9.46,5500000,223.23,Land,Residential
5500000,Al Jafliya,455.22,2026,1321,27-02-2026 10.25,5500000,455.22,Land,Residential
5500000,Mankhool,245.44,2026,2635,08-06-2026 13.47,5500000,245.44,Land,Commercial
5500000,Al Mizhar Second,1858.06,2026,621,26-01-2026 13.56,5500000,1858,Land,Residential
5500000,Al Raffa,309.55,2026,2535,01-06-2026 11.13,5500000,309.55,Land,Commercial
5500000,Al Jafliya,915.28,2026,1310,26-02-2026 13.24,5500000,915.28,Land,Government Housing
5500000,Abu Hail,224.18,2026,1688,31-03-2026 9.50,5500000,224.18,Land,Residential
5500000,Muhaisanah Third,1393.55,2026,1693,31-03-2026 9.57,5500000,1393.55,Land,Residential
5500000,Al Mizhar First,1393.55,2026,2346,12-05-2026 11.42,5500000,1393.55,Land,Residential
5525188,Business Bay,217.97,2026,980,11-02-2026 14.04,5525187.67,217.97,Unit,Office
5532564,Al Qusais Industrial Fifth,2055.97,2026,932,10-02-2026 10.50,5532564,2055.97,Land,
5538037,Al Suq Al Kabeer,395.77,2026,456,19-01-2026 10.03,5538037,395.77,Land,Commercial
5576389,Wadi Al Safa 7,647.58,2026,2732,16-06-2026 11.40,5576389,647.58,Land,Residential
5594537,Dubai Investment Park Second,1039.5,2026,2695,11-06-2026 9.44,5594537,1039.5,Land,
5600000,Madinat Al Mataar,369.65,2026,1447,10-03-2026 12.24,5600000,369.65,Building,Villa
5611367,Mirdif,1086.07,2026,2889,25-06-2026 7.38,5611367,1086.07,Land,Residential / Villas
5677454,Al Khawaneej First,917.31,2026,2382,14-05-2026 14.29,5677454,917.31,Land,Residential
5704006,Mirdif,1104,2026,2892,25-06-2026 7.54,5704006,1104,Land,Residential / Villas
5719179,Burj Khalifa,208.47,2026,141,07-01-2026 10.14,5719178.64,208.47,Unit,Flat
5796898,Jumeirah First,861.68,2026,806,05-02-2026 7.37,5796898,861.68,Land,Residential
5800000,Jabal Ali First,390.75,2026,1887,10-04-2026 13.46,5800000,390.75,Land,Commercial
5818835,Al Khawaneej First,900.98,2026,1448,10-03-2026 12.25,5818835,900.98,Land,Residential
5818835,Al Khawaneej First,900.98,2026,1446,10-03-2026 12.19,5818835,900.98,Land,Residential
5829233,Jumeirah First,833.16,2026,850,05-02-2026 15.13,5829233,833.16,Land,Residential
5875591,Dubai Investment Park First,3032.56,2026,2319,11-05-2026 12.18,5875591,3032.56,Land,Commercial
5900000,Al Barshaa South First,1114.84,2026,688,29-01-2026 15.04,5900000,1114.84,Land,Government Housing
5911919,Dubai Investment Park First,3051.31,2026,2318,11-05-2026 12.11,5911919,3051.31,Land,Commercial
5914010,Al Raffa,549.43,2026,56,05-01-2026 12.21,5914010,549.43,Land,Commercial
5933648,Al Khawaneej Second,1225.01,2026,2564,03-06-2026 8.49,5933648,1225.01,Land,Commercial
5973189,Muhaisanah Second,1849.76,2026,1891,10-04-2026 18.04,5973189,1849.76,Land,
5994201,Al Layan1,2784.4,2026,1537,17-03-2026 12.28,5994201,2784.4,Land,Industrial
5994308,Hor Al Anz,929.03,2026,836,05-02-2026 11.24,5994308,928.15,Land,Residential
5999992,Muhaisanah Second,1858.06,2026,1617,25-03-2026 9.32,5999992,1858.06,Land,Industrial
5999992,Mirdif,1858.06,2026,508,21-01-2026 8.57,5999992,1858.06,Land,Residential
6000000,Al Khawaneej First,917.31,2026,13,02-01-2026 10.41,6000000,917.31,Land,Residential
6000000,Al Barsha South Fifth,682.1,2026,2652,09-06-2026 9.28,6000000,682.1,Land,Residential
6000000,Al Mizhar Third,1114.84,2026,822,05-02-2026 9.56,6000000,1114.84,Land,Residential
6000000,Al Twar Third,1800,2026,2875,24-06-2026 14.03,6000000,1800,Land,Residential
6000000,Mirdif,915.88,2026,2118,24-04-2026 9.04,6000000,915.88,Land,Residential
6000000,Al Hebiah Third,450,2026,448,19-01-2026 8.54,6000000,450,Land,Residential
6000000,Um Suqaim Second,490.53,2026,2919,25-06-2026 10.54,6000000,490.53,Land,Residential
6000000,Nad Al Hamar,1375,2026,625,26-01-2026 15.15,6000000,1375,Land,Residential
6000000,Al Bada,668.9,2026,1449,10-03-2026 12.34,6000000,669,Land,Residential
6000000,Al Jafliya,1393.55,2026,1247,24-02-2026 12.08,6000000,1393.55,Land,Residential
6000000,Al Mizhar First,1393.55,2026,2061,21-04-2026 11.59,6000000,1393.55,Land,Residential
6000000,Al Hudaiba,686.27,2026,1271,25-02-2026 9.56,6000000,686.27,Land,
6000000,Al Barsha South Fifth,682.1,2026,2647,09-06-2026 8.37,6000000,682.1,Land,Residential
6000000,Jumeirah Third,481.75,2026,1931,14-04-2026 12.43,6000000,481.75,Land,Residential
6000000,Nad Al Hamar,1840.68,2026,464,19-01-2026 11.12,6000000,1840.68,Land,Residential
6000000,Jumeirah Third,481.75,2026,1929,14-04-2026 12.30,6000000,481.75,Land,Residential
6000000,Ghadeer Al tair,929.03,2026,1107,16-02-2026 15.36,6000000,929.03,Land,Government Housing
6000056,Al Bada,232.26,2026,1899,13-04-2026 10.29,6000056,232.26,Land,Residential
6001951,Al Barsha Second,1393.55,2026,1009,12-02-2026 11.42,6001951,1394,Land,Residential
6035256,Burj Khalifa,200.31,2026,2727,16-06-2026 9.59,6035256.21,200.31,Unit,Hotel Apartment
6062498,Wadi Al Safa 4,1126.45,2026,3007,30-06-2026 8.25,6062498,1126.45,Land,Residential
6072390,Wadi Al Safa 7,705.18,2026,2905,25-06-2026 9.31,6072390,705.18,Land,Residential
6091506,Al Bada,377.28,2026,2834,22-06-2026 11.50,6091506,377.28,Land,Residential / Residential Villa
6098772,Al Murqabat,629.51,2026,1362,03-03-2026 12.41,6098772,629.55,Land,Commercial
6200000,Jabal Ali First,658.81,2026,2748,16-06-2026 15.35,6200000,658.81,Land,Residential
6200000,Al Hebiah Sixth,623.61,2026,218,09-01-2026 9.10,6200000,623.61,Land,Residential
6200000,Burj Khalifa,165.18,2026,399,15-01-2026 9.43,6200000,165.18,Unit,Flat
6232610,Al Baraha,1052.78,2026,864,06-02-2026 9.51,6232610,1052.78,Land,Commercial
6239841,Mirdif,1207.71,2026,2936,26-06-2026 7.22,6239841,1207.71,Land,Residential / Attached Villas
6239893,Mirdif,1207.72,2026,2937,26-06-2026 7.38,6239893,1207.72,Land,Residential / Attached Villas
6239996,Mirdif,1207.74,2026,2939,26-06-2026 8.22,6239996,1207.74,Land,Residential / Attached Villas
6263513,Saih Shuaib 1,1058,2026,1098,04-03-2026 10.34,6263513,1058,Land,
6292647,Burj Khalifa,322.37,2026,2870,24-06-2026 12.27,6292647.27,322.37,Unit,Flat
6298394,Wadi Al Safa 5,1671.83,2026,611,26-01-2026 12.18,6298394,1671.83,Land,Commercial
6303668,Al Khawaneej First,900.97,2026,1120,17-02-2026 9.14,6303668,900.97,Land,Residential
6303878,Al Khawaneej First,901,2026,1117,17-02-2026 9.05,6303878,901,Land,Residential
6308076,Al Suq Al Kabeer,293.02,2023,2683,13-01-2026 11.18,6308076,293.02,Land,Commercial
6315826,Business Bay,293.38,2026,2734,16-06-2026 12.12,6315826,293.38,Unit,Office
6370011,Al Karama,422.71,2026,1926,14-04-2026 10.52,6370011,422.71,Land,Commercial
6379979,Al Khabeesi,1481.8,2026,1618,25-03-2026 9.45,6379979,1481.8,Land,Commercial
6394047,Jabal Ali Industrial First,1320.06,2026,942,10-02-2026 14.40,6394047,1320.06,Land,Cooling Station
6402529,Eyal Nasser,457.55,2026,280,13-01-2026 9.54,6402529,457.55,Land,Commercial
6483250,Marsa Dubai,399.83,2026,740,02-02-2026 14.11,6483250.22,399.83,Unit,Flat
6500000,Al Hudaiba,691.76,2026,1269,25-02-2026 9.50,6500000,691.76,Land,Commercial
6500000,Jumeirah Second,418.06,2026,2846,22-06-2026 22.07,6500000,418.06,Land,Residential
6500000,Muhaisanah Third,1393.55,2026,1691,31-03-2026 9.53,6500000,1393.55,Land,Residential
6500000,Al Hudaiba,1445.76,2026,926,10-02-2026 9.45,6500000,1445.76,Land,Residential
6500000,Al Barsha South Fifth,682.1,2026,2645,09-06-2026 8.32,6500000,682.1,Land,Residential
6500000,Al Warqa Third,1420.77,2026,686,29-01-2026 14.45,6500000,1420.77,Land,Residential
6500050,Mirdif,1207.75,2026,2938,26-06-2026 7.44,6500050,1207.75,Land,Residential / Attached Villas
6500212,Mirdif,1207.78,2026,2940,26-06-2026 8.28,6500212,1207.78,Land,Residential / Attached Villas
6506993,Al Yufrah 1,1209.04,2026,1944,15-04-2026 14.06,6506993,1209.04,Land,Residential
6520908,Mirdif,1262.11,2026,2941,26-06-2026 8.37,6520908,1262.11,Land,Residential / Attached Villas
6557712,Saih Shuaib 1,937.28,2026,653,27-01-2026 14.59,6557712,937.28,Land,
6644001,Al Yelayiss 1,1122.27,2026,2735,16-06-2026 12.12,6644001,1122.27,Land,Villa
6684769,Al Ttay,1552.59,2026,1758,02-04-2026 16.33,6684769,1552.59,Land,Labor Camp
6700000,Mirdif,940.66,2026,851,05-02-2026 15.29,6700000,940.66,Land,Residential
6714306,Wadi Al Safa 7,1247.56,2026,894,09-02-2026 12.06,6714306,1247.56,Land,Land
6736879,Burj Khalifa,266.42,2026,960,11-02-2026 11.33,6736879.46,266.42,Unit,Office
6749988,Al Goze Industrial Fourth,2508.38,2026,2978,29-06-2026 9.46,6749988,2508.38,Land,Industrial
6750015,Al Garhoud,1393.55,2026,1804,07-04-2026 18.47,6750015,1393.55,Land,Residential
6753572,Al Satwa,1568.57,2026,1326,27-02-2026 17.46,6753572,1568.57,Land,Residential
6766876,Wadi Al Safa 7,785.83,2026,2977,29-06-2026 9.31,6766876,785.83,Land,Residential
6780207,Dubai Investment Park First,776.37,2026,2442,19-05-2026 12.49,6780207.05,776.37,Building,Villa
6800000,Mirdif,929.03,2026,2457,20-05-2026 8.06,6800000,929.03,Land,Residential
6800000,Nad Al Hamar,1393.55,2026,814,04-02-2026 13.32,6800000,1393.55,Land,Residential
6807199,Palm Jumeirah,233.53,2026,2493,21-05-2026 14.03,6807198.99,233.53,Unit,Flat
6807199,Palm Jumeirah,233.53,2026,2506,21-05-2026 15.27,6807198.99,233.53,Unit,Flat
6815677,Business Bay,313.37,2026,2250,05-05-2026 12.13,6815676.58,313.37,Unit,Office
6815677,Business Bay,313.37,2026,2239,05-05-2026 9.16,6815676.58,313.37,Unit,Office
6826142,Al Karama,211.38,2026,2417,19-05-2026 8.18,6826142,211.39,Land,Commercial
6836705,Dubai Investment Park First,804.05,2026,2573,03-06-2026 11.31,6836705.34,804.05,Building,Villa
6838413,Al Karama,423.54,2026,495,20-01-2026 13.26,6838413,423.54,Land,Commercial
6842267,Eyal Nasser,288.94,2026,777,03-02-2026 11.20,6842267,288.94,Land,Commercial
6861986,Hadaeq Sheikh Mohammed Bin Rashid,750,2026,458,19-01-2026 10.08,6861986,750,Land,Residential / Villas
6868140,Dubai Investment Park Second,774.41,2026,2235,04-05-2026 15.15,6868140.13,774.41,Unit,Warehouse
6916021,Mirdif,1606.3,2026,2947,26-06-2026 9.12,6916021,1606.3,Land,
6944532,Al Warqa First,1358.25,2026,1992,17-04-2026 10.49,6944532,1358.25,Land,Residential Flats
6976810,Al Hudaiba,762.55,2026,1268,25-02-2026 9.43,6976810,762.55,Land,Commercial
6999990,Al Goze Industrial Third,1858.06,2026,158,08-01-2026 9.21,6999990,1858.06,Land,Industrial
6999990,Um Suqaim First,929.03,2026,813,04-02-2026 13.18,6999990,929.03,Land,Residential
7000000,Mirdif,929.03,2026,2120,24-04-2026 9.14,7000000,929.03,Land,Residential
7000000,Mirdif,929.03,2026,2121,24-04-2026 9.23,7000000,929.03,Land,Residential
7000000,Nad Al Hamar,1393.57,2026,1600,24-03-2026 11.08,7000000,1393.57,Land,Residential
7000000,Al Barsha Second,1393.55,2026,2375,14-05-2026 12.20,7000000,1393.55,Land,Residential
7000000,Mirdif,929.03,2026,2119,24-04-2026 9.08,7000000,929.03,Land,Residential
7000000,Business Bay,305.36,2026,2171,28-04-2026 12.53,7000000,305.36,Unit,Flat
7000000,Wadi Al Safa 2,814.2,2026,2867,24-06-2026 10.18,7000000,814.2,Land,Residential
7000000,Al Ras,100.34,2026,244,12-01-2026 8.59,7000000,100.34,Land,Commercial
7000000,Al Goze First,1381.1,2026,1500,15-03-2026 12.11,7000000,1381.1,Land,Residential
7000000,Al Hudaiba,1388.92,2026,927,10-02-2026 9.57,7000000,1388.92,Land,Residential
7000000,Al Hudaiba,1472.51,2026,1355,03-03-2026 10.42,7000000,1472.51,Land,Residential
7000000,Al Hebiah Third,343.74,2026,2530,01-06-2026 9.50,7000000,343.74,Land,Residential
7000000,Um Suqaim First,593.29,2026,1672,30-03-2026 12.59,7000000,593.29,Land,Residential
7000000,Al Bada,668.9,2026,1340,02-03-2026 10.56,7000000,668.9,Land,Residential
7000000,Al Murqabat,507.44,2026,2443,19-05-2026 12.53,7000000,507.44,Land,Residential
7000000,Hor Al Anz East,2041.17,2026,1172,19-02-2026 12.35,7000000,2041.17,Land,Residential
7030355,Al Khawaneej First,933.06,2026,1119,17-02-2026 9.12,7030355,933.06,Land,Residential
7087506,Mirdif,1881.29,2026,1754,02-04-2026 14.25,7087506,1881.29,Land,Residential
7106650,Dubai Investment Park Second,1320.46,2026,2965,26-06-2026 12.09,7106650,1320.46,Land,
7111359,Al Nahda Second,1468.15,2026,884,09-02-2026 9.08,7111359,1468.15,Land,Commercial
7120320,Wadi Al Safa 5,2646,2026,936,10-02-2026 13.01,7120320,2646,Land,Commercial
7149983,Al Layan1,3690.31,2026,2416,19-05-2026 7.48,7149983,3690.31,Land,
7187505,Jumeirah Third,1161.29,2026,1061,15-02-2026 20.14,7187505,1161.29,Land,Residential
7199887,Saih Shuaib 1,1114.82,2026,2201,30-04-2026 15.28,7199887,1114.82,Land,
7200456,Marsa Dubai,407.64,2026,2037,20-04-2026 12.19,7200455.57,407.64,Unit,Flat
7218742,Um Suqaim Third,250.63,2026,1051,13-02-2026 10.26,7218741.84,250.63,Unit,Flat
7259712,Jumeirah Third,481.75,2026,1312,26-02-2026 14.40,7259712,963.5,Land,Residential
7286066,Marsa Dubai,369.98,2026,1509,16-03-2026 10.45,7286066.16,369.98,Unit,Flat
7286085,Hadaeq Sheikh Mohammed Bin Rashid,298.36,2026,144,07-01-2026 10.25,7286084.66,298.36,Unit,Flat
7368223,Warsan Fourth,6845.31,2026,1982,17-04-2026 8.40,7368223,6845.31,Land,Commercial
7427091,Hadaeq Sheikh Mohammed Bin Rashid,690,2026,2658,09-06-2026 10.43,7427091,690,Land,Residential / Villas
7427091,Hadaeq Sheikh Mohammed Bin Rashid,690,2026,2657,09-06-2026 10.39,7427091,690,Land,Residential / Villas
7500000,Al Jafliya,1380.72,2026,2990,29-06-2026 12.32,7500000,1380.72,Land,Commercial
7500000,Jabal Ali First,600.02,2026,1467,12-03-2026 10.14,7500000,600.02,Land,Commercial
7500000,Al Barshaa South First,1114.84,2026,2536,01-06-2026 11.17,7500000,1114.84,Land,Residential
7500000,Hor Al Anz,232.26,2026,1690,31-03-2026 9.52,7500000,232.26,Land,Commercial
7500000,Al Wasl,871.06,2026,779,03-02-2026 12.08,7500000,871.06,Land,Residential
7500000,Al Mizhar First,1395.87,2026,2691,10-06-2026 15.47,7500000,1395.87,Land,Residential
7500000,Jabal Ali First,600.02,2026,1467,12-03-2026 10.14,7500000,600.02,Land,Commercial
7500000,Al Warqa Third,1449.1,2026,2572,03-06-2026 11.29,7500000,1449.1,Land,Residential
7500000,Al Khawaneej First,1858.06,2026,277,13-01-2026 9.02,7500000,1858,Land,Residential
7500030,Muhaisanah Fourth,1858.07,2026,535,21-01-2026 16.11,7500030,1858.07,Land,Commercial
7500124,Al Warqa First,1393.57,2026,439,16-01-2026 11.10,7500124,1393.57,Land,Residential
7565983,Jumeirah First,1081.39,2026,2317,11-05-2026 11.55,7565983,1081.39,Land,Residential
7582522,Jumeirah First,880.55,2026,567,23-01-2026 10.10,7582522,880.55,Land,Residential
7600000,Al Mararr,157.28,2026,2625,08-06-2026 9.07,7600000,157.28,Land,Residential
7680000,Um Suqaim Second,594.58,2026,1753,02-04-2026 14.12,7680000,594.58,Land,Residential
7700000,Al Thanayah Fourth,532.89,2026,1389,05-03-2026 10.46,7700000,532.89,Land,Commercial
7702109,Al Satwa,1300.64,2026,1848,09-04-2026 11.29,7702109,1301,Land,Residential
7736930,Nad Al Shiba First,1437.57,2026,326,14-01-2026 8.21,7736930,1437.57,Land,Sports Club
7800000,Al Hebiah Fourth,76.19,2026,55,05-01-2026 12.17,7800000,76.19,Unit,Flat
7800000,Dubai Investment Park First,1005.65,2026,1433,10-03-2026 10.30,7800000,1005.65,Land,Commercial
7805001,Al Barsha Second,2071.74,2026,2046,20-04-2026 15.23,7805001,2071.74,Land,Residential
7807842,Al Baraha,659.43,2026,1123,17-02-2026 9.22,7807842,659.43,Land,Residential
7821437,Marsa Dubai,191.22,2026,2502,21-05-2026 14.59,7821437,191.22,Unit,Flat
7833482,Palm Jumeirah,209.69,2026,97,06-01-2026 12.40,7833482,207.93,Unit,Flat
7882673,Hadaeq Sheikh Mohammed Bin Rashid,665.75,2025,8279,03-01-2026 9.55,7882673,665.75,Land,Residential Flats
7899066,Al Khawaneej First,917.31,2026,1512,16-03-2026 11.12,7899066,917.31,Land,Residential
7985576,Al Khawaneej First,1483.77,2026,2135,27-04-2026 8.48,7985576,1483.77,Land,General Use
7999687,Al Jafliya,1820.9,2026,2216,02-05-2026 12.57,7999687,1857.99,Land,Commercial
7999817,Al Lusaily,929.01,2026,610,26-01-2026 12.11,7999817,929.01,Land,
7999989,Um Suqaim Second,929.03,2026,1659,27-03-2026 11.17,7999989,929.03,Land,Residential
7999989,Um Suqaim Second,929.03,2026,1658,27-03-2026 11.00,7999989,929.03,Land,Residential
7999989,Ras Al Khor Industrial First,3697.54,2026,278,13-01-2026 9.40,7999989,3716.12,Land,Industrial
8000000,Al Barsha Third,1393.55,2026,1528,16-03-2026 14.37,8000000,1393.55,Land,Residential
8000000,Al Barsha Second,1393.55,2026,2684,10-06-2026 10.21,8000000,1393.55,Land,Residential
8000000,Al Mizhar First,1393.55,2026,1173,19-02-2026 12.41,8000000,1393.55,Land,Residential
8000000,Dubai Investment Park Second,514.59,2026,2648,09-06-2026 8.42,8000000,514.59,Land,
8000000,Al Suq Al Kabeer,220.18,2026,909,09-02-2026 14.24,8000000,220.18,Land,Commercial
8000000,Al Barsha Second,1393.55,2026,1898,13-04-2026 10.24,8000000,1394,Land,Residential
8000000,Al Merkadh,1047.24,2026,1331,02-03-2026 0.42,8000000,1047.24,Land,Land
8000000,Al Mararr,355.82,2026,2663,09-06-2026 12.35,8000000,355.82,Land,Commercial
8000000,Al Suq Al Kabeer,375.33,2026,863,06-02-2026 9.45,8000000,375.33,Land,Commercial
8000000,Al Thanayah Fourth,563,2026,1163,18-02-2026 16.19,8000000,563,Land,Commercial
8000000,Al Khabeesi,929.03,2026,3017,30-06-2026 10.29,8000000,929.03,Land,Warehouse
8000000,Al Satwa,1393.55,2026,603,26-01-2026 10.52,8000000,1394.26,Land,Residential
8000247,Jabal Ali Industrial First,1858.12,2026,44,05-01-2026 10.11,8000247,1858.12,Land,Labor Camp
8000538,Al Khawaneej First,1486.55,2026,2139,27-04-2026 8.53,8000538,1486.55,Land,General Use
8010494,Nad Al Shiba First,930.25,2026,307,13-01-2026 13.50,8010494,930.25,Land,Villa
8015446,Al Khawaneej First,1489.32,2026,2140,27-04-2026 8.57,8015446,1489.32,Land,General Use
8030354,Al Khawaneej First,1492.09,2026,2141,27-04-2026 9.02,8030354,1492.09,Land,General Use
8037619,Um Suqaim First,933.37,2026,162,07-01-2026 14.48,8037619,933.4,Land,Residential
8045262,Al Khawaneej First,1494.86,2026,2131,27-04-2026 8.38,8045262,1494.86,Land,General Use
8046338,Jumeirah Second,747.53,2026,283,13-01-2026 10.23,8046338,747.53,Land,Residential
8060224,Al Khawaneej First,1497.64,2026,2133,27-04-2026 8.42,8060224,1497.64,Land,General Use
8071246,Jumeirah First,833.16,2026,1530,17-03-2026 9.41,8071246,833.16,Land,Residential
8072468,Madinat Al Mataar,2999.83,2026,842,05-02-2026 11.52,8072468,2999.83,Land,
8100287,Eyal Nasser,542.55,2026,1907,13-04-2026 13.15,8100287,537.53,Land,Commercial
8111352,Al Khawaneej First,1507.14,2026,2126,27-04-2026 7.58,8111352,1507.14,Land,General Use
8125776,Al Khawaneej First,1509.82,2026,2128,27-04-2026 8.22,8125776,1509.82,Land,General Use
8141706,Al Khawaneej First,1512.78,2026,2142,27-04-2026 9.37,8141706,1512.78,Land,General Use
8156076,Al Khawaneej First,1515.45,2026,2146,27-04-2026 10.35,8156076,1515.45,Land,General Use
8171038,Al Khawaneej First,1518.23,2026,2160,28-04-2026 7.03,8171038,1518.23,Land,General Use
8195298,Al Khawaneej First,1492.88,2026,2132,27-04-2026 8.41,8195298,1492.88,Land,General Use
8208912,Al Khawaneej First,1495.36,2026,2127,27-04-2026 8.05,8208912,1495.36,Land,General Use
8210723,Al Khawaneej First,1495.69,2026,2145,27-04-2026 10.29,8210723,1495.69,Land,General Use
8239765,Jabal Ali Industrial First,1913.75,2026,51,05-01-2026 12.01,8239765,1913.75,Land,Labor Camp
8240024,Jabal Ali Industrial First,1913.81,2026,49,05-01-2026 11.56,8240024,1913.81,Land,Labor Camp
8243920,Al Warqa First,1392.52,2026,1242,24-02-2026 11.01,8243920,1392.52,Land,Residential Flats
8243920,Al Warqa First,1392.52,2026,2148,27-04-2026 10.44,8243920,1392.52,Land,Residential Flats
8250018,Um Suqaim Second,841.76,2026,176,08-01-2026 11.40,8250018,1393.55,Land,Residential
8258373,Al Khawaneej First,1504.37,2026,2136,27-04-2026 8.49,8258373,1504.37,Land,General Use
8265577,Wadi Al Safa 4,1706.44,2026,3006,30-06-2026 8.23,8265577,1706.44,Land,Residential
8268774,Jabal Ali First,1024.26,2026,606,26-01-2026 11.52,8268774,1024.26,Land,Commercial
8320000,Jumeirah Third,594.58,2026,2376,14-05-2026 12.24,8320000,594.58,Land,Residential
8342748,Al Khawaneej First,1519.74,2026,2163,28-04-2026 7.24,8342748,1519.74,Land,General Use
8343303,Mankhool,2583.73,2026,623,26-01-2026 14.13,8343303,2583.73,Land,Residential
8354111,Al Khawaneej First,1521.81,2026,2161,28-04-2026 7.13,8354111,1521.81,Land,General Use
8354864,Madinat Hind 1,2587.31,2026,347,14-01-2026 10.50,8354864,2587.31,Land,
8365640,Al Khawaneej First,1523.91,2026,2152,27-04-2026 12.12,8365640,1523.91,Land,General Use
8438941,Jumeirah First,1206.16,2026,852,05-02-2026 15.30,8438941,1206.16,Land,Residential
8442492,Al Merkadh,307.42,2026,2954,26-06-2026 11.21,8442491.54,307.42,Unit,Flat
8466907,Hadaeq Sheikh Mohammed Bin Rashid,346.8,2026,143,07-01-2026 10.19,8466906.62,346.8,Unit,Flat
8500000,Hadaeq Sheikh Mohammed Bin Rashid,432.97,2026,3012,30-06-2026 9.07,8500000,432.97,Land,Land
8500000,Wadi Al Safa 6,619.66,2026,2029,20-04-2026 11.00,8500000,619.66,Land,Residential
8500000,Wadi Al Safa 2,1134.62,2026,2067,21-04-2026 13.04,8500000,1134.62,Land,Residential
8500000,Jumeirah Third,929.03,2026,605,26-01-2026 11.50,8500000,929.03,Land,Residential
8500000,Al Suq Al Kabeer,238.39,2026,1205,23-02-2026 12.24,8500000,238.39,Land,Commercial
8500000,Al Suq Al Kabeer,225.01,2026,1841,09-04-2026 10.07,8500000,225.01,Land,Commercial
8509899,Al Warqa First,1374.95,2026,2068,21-04-2026 14.07,8509899,1374.95,Land,Commercial
8545231,Al Khawaneej First,1512.15,2026,2164,28-04-2026 7.32,8545231,1512.15,Land,General Use
8635005,Al Nahda Second,1458.58,2026,147,07-01-2026 10.44,8635005,1458.58,Land,Commercial
8638105,Dubai Investment Park Second,964.29,2026,1689,31-03-2026 9.50,8638105.25,964.29,Unit,Warehouse
8650890,Al Bada,1397.73,2026,2312,11-05-2026 9.57,8650890,1397.73,Land,Commercial
8680267,Al Barsha Third,2016.06,2026,2988,29-06-2026 11.07,8680267,2016.06,Land,Government Housing
8720503,Al Barshaa South Second,1200.24,2026,2109,23-04-2026 10.14,8720503,1200.24,Land,Commercial
8729980,Jumeirah First,1081.39,2026,1566,23-03-2026 9.40,8729980,1081.39,Land,Residential
8750082,Al Satwa,232.26,2026,1184,20-02-2026 11.08,8750082,232.26,Land,Residential
8806208,Nad Al Hamar,1298.61,2026,853,05-02-2026 19.06,8806208,1298.61,Land,Commercial
8837393,Saih Shuaib 2,2526.22,2026,1837,09-04-2026 9.12,8837393,2526.22,Land,Industrial
8858970,Al Warqa First,1371.71,2026,2611,05-06-2026 8.51,8858970,1371.71,Land,Residential Flats
8867430,Al Khawaneej First,1497.84,2026,2138,27-04-2026 8.52,8867430,1497.84,Land,General Use
8876988,Al Wasl,274.9,2026,2713,12-06-2026 9.23,8876988,274.9,Unit,Flat
8892488,Al Merkadh,826.13,2026,379,15-01-2026 8.18,8892488,826.14,Land,Villa
8915213,Mirdif,1479.02,2026,2946,26-06-2026 9.03,8915213,1479.02,Land,Commercial
8999116,Al Warqa First,1393.41,2026,1170,19-02-2026 12.03,8999116,1393.41,Land,Commercial
8999374,Al Warqa First,1393.45,2026,170,08-01-2026 10.47,8999374,1393.45,Land,Residential Flats
9000000,Al Barsha Second,1393.55,2026,2529,01-06-2026 9.15,9000000,1393.55,Land,Residential
9000000,Jumeirah Third,594.58,2026,528,21-01-2026 12.19,9000000,594.58,Land,Residential
9000000,Al Mizhar Third,1593.1,2026,937,10-02-2026 13.11,9000000,1593.1,Land,
9000000,Al Ras,234.2,2026,2577,03-06-2026 13.37,9000000,234.2,Land,Commercial
9000000,Abu Hail,464.52,2026,2797,18-06-2026 13.38,9000000,464.52,Land,Commercial
9000000,Al Ras,394.19,2023,2666,13-01-2026 11.20,9000000,394.19,Land,Commercial
9000000,Wadi Al Safa 6,641.4,2026,2555,02-06-2026 15.32,9000000,641.4,Land,Residential
9000000,Al Barsha Third,1393.55,2026,1456,11-03-2026 11.46,9000000,1393.55,Land,Residential
9000000,Mirdif,1389.09,2026,2914,25-06-2026 10.24,9000000,1389.09,Land,Residential
9000000,Al Khawaneej Second,1444.27,2026,2928,25-06-2026 12.00,9000000,1444.27,Land,
9000000,Mirdif,1637.23,2026,1576,23-03-2026 13.13,9000000,1637.23,Land,Residential
9000000,Al Twar Third,2769,2026,1506,16-03-2026 10.02,9000000,2769,Land,Residential
9000000,Jumeirah Second,556.03,2026,2528,01-06-2026 9.06,9000000,556.03,Land,Residential
9000020,Al Warqa First,1393.55,2026,485,20-01-2026 12.00,9000020,1393.55,Land,
9000020,Al Saffa Second,1393.55,2026,1067,16-02-2026 8.48,9000020,1393.55,Land,Residential
9000020,Al Warqa First,1393.55,2026,1401,07-03-2026 9.52,9000020,1393.55,Land,Residential Flats
9000020,Al Bada,1393.55,2026,1175,19-02-2026 13.11,9000020,1393.55,Land,Residential
9002926,Um Suqaim Second,1394,2026,564,23-01-2026 9.24,9002926,1394,Land,Residential
9009578,Al Warqa First,1395.03,2026,1660,28-03-2026 9.54,9009578,1395.03,Land,Residential Flats
9011806,Nad Al Shiba First,930.25,2026,1494,14-03-2026 17.39,9011806,930.25,Land,Villa
9011903,Nad Al Shiba First,930.26,2026,1495,14-03-2026 17.45,9011903,930.26,Land,Villa
9059566,Nad Al Shiba First,1870.36,2026,327,14-01-2026 8.26,9059566,1870.36,Land,Sports Club
9114009,Jumeirah First,705.6,2026,2993,29-06-2026 13.15,9114009,705.6,Land,Residential
9116797,Jumeirah First,1209.97,2026,2513,22-05-2026 11.52,9116797,1209.97,Land,Residential
9132238,Al Khawaneej First,1542.57,2026,2134,27-04-2026 8.45,9132238,1542.57,Land,General Use
9178787,Al Barshaa South Third,1421.23,2026,589,25-01-2026 15.33,9178787,1421.23,Land,
9180999,Al Warqa First,1483.38,2026,1361,03-03-2026 12.18,9180999,1483.38,Land,Commercial
9200706,Nad Al Shiba First,3643.27,2026,328,14-01-2026 8.29,9200706,1780.78,Land,Sports Club
9201584,Al Satwa,1068.57,2026,455,19-01-2026 9.58,9201584,1068.57,Land,Commercial
9210562,Hadaeq Sheikh Mohammed Bin Rashid,855.69,2026,2841,22-06-2026 14.05,9210562,855.69,Land,Residential Flats
9221971,Nad Al Shiba First,1862.5,2026,329,14-01-2026 8.31,9221971,1862.5,Land,Sports Club
9227450,Al Baraha,659.43,2026,969,11-02-2026 12.13,9227450,659.43,Land,Residential
9300000,Al Wasl,661.1,2026,985,11-02-2026 15.22,9300000,661.1,Land,Residential
9356063,Ras Al Khor Industrial Second,3476.83,2026,2242,05-05-2026 10.03,9356063,3476.83,Land,
9357423,Nad Al Shiba First,3568.75,2026,323,14-01-2026 8.15,9357423,1756.23,Land,Sports Club
9364748,Nad Al Shiba First,1812.53,2026,325,14-01-2026 8.18,9364748,1812.53,Land,Sports Club
9392493,Al Warqa First,1454.32,2026,1455,11-03-2026 11.14,9392493,1454.32,Land,Residential
9434451,Mirdif,876.49,2026,1775,06-04-2026 10.56,9434451,876.49,Land,
9441966,Nad Al Shiba First,1790.18,2026,331,14-01-2026 8.36,9441966,1790.18,Land,Sports Club
9455117,Nad Al Shiba First,3547,2026,330,14-01-2026 8.34,9455117,1756.82,Land,Sports Club
9500000,Muhaisanah First,3678.89,2026,2248,05-05-2026 11.23,9500000,3678.89,Land,Residential
9500000,Al Merkadh,353.29,2026,2624,08-06-2026 8.30,9500000,353.29,Land,Residential
9500000,Mirdif,1393.55,2026,96,06-01-2026 12.30,9500000,1393.55,Land,Residential
9500000,Um Al Sheif,908.87,2026,311,13-01-2026 14.38,9500000,908.87,Land,Government Housing
9504158,Wadi Al Safa 5,1471.61,2026,2172,28-04-2026 13.11,9504158,1471.61,Land,Residential
9522187,Palm Jumeirah,376.57,2026,889,09-02-2026 11.09,9522187.06,376.57,Unit,Flat
9600021,Um Al Sheif,1114.84,2026,1498,15-03-2026 11.47,9600021,1114.84,Land,Residential
9619676,Al Wasl,1374.92,2026,2523,25-05-2026 16.30,9619676,1374.92,Land,Residential
9674593,Al Warqa First,1284,2026,2167,28-04-2026 10.18,9674593,1284,Land,Residential Flats
9685196,Hor Al Anz,1799.57,2026,94,06-01-2026 12.13,9685196,1799.57,Land,Residential
9687607,Dubai Investment Park Second,3000.03,2026,2202,01-05-2026 8.49,9687607,3000.03,Land,Commercial
9700000,Hor Al Anz,2677.12,2026,1713,01-04-2026 7.42,9700000,2677.12,Land,
9738967,Al Manara,1391.97,2026,1227,24-02-2026 9.08,9738967,1391.97,Land,Government Housing
9750021,Um Suqaim Second,1393.55,2026,1007,12-02-2026 10.57,9750021,1393.55,Land,Residential
9763202,Al Barshaa South Third,1511.72,2026,913,10-02-2026 8.03,9763202,1511.72,Land,
9767593,Ghadeer Al tair,3024.8,2026,1228,24-02-2026 9.20,9767593,3024.8,Land,Residential
9802791,Al Warqa First,1517.85,2026,2122,24-04-2026 12.42,9802791,1517.85,Land,Commercial
9997596,Al Barsha Second,1161.01,2026,1934,14-04-2026 16.46,9997596,1161.01,Land,Villa
9999986,Al Wasl,929.03,2026,2329,12-05-2026 10.07,9999986,929.03,Land,Residential
10000000,Muhaisanah First,3716.12,2026,978,11-02-2026 13.16,10000000,3716.12,Land,Residential
10000000,Wadi Al Safa 5,874.5,2026,419,15-01-2026 22.13,10000000,874.5,Land,Residential
10000000,Al Wasl,929.03,2026,2408,18-05-2026 14.18,10000000,929.03,Land,Residential
10000000,Al Wasl,217.69,2026,2864,24-06-2026 9.54,10000000,217.69,Unit,Flat
10000000,Um Suqaim First,916.3,2026,664,28-01-2026 13.33,10000000,916.3,Land,Residential
10000000,Al Thanyah Third,484.35,2026,47,05-01-2026 10.40,10000000,484.35,Land,Residential
10000000,Al Yufrah 1,3716.12,2026,2352,12-05-2026 13.01,10000000,3716.12,Land,Petrol Station
10000000,Mirdif,1388.16,2026,527,21-01-2026 12.13,10000000,1388.16,Land,Residential
10000000,Jumeirah First,746.75,2026,1986,17-04-2026 9.21,10000000,746.75,Land,Residential
10000000,Al Thanyah Fifth,781.73,2026,2044,20-04-2026 15.00,10000000,781.73,Land,Commercial
10000000,Al Mizhar First,2952.46,2026,1466,12-03-2026 10.11,10000000,2952.46,Land,Residential
10000000,Jumeirah Third,929.03,2026,694,30-01-2026 10.25,10000000,929.03,Land,Residential
10000000,Al Barsha Second,1393.59,2026,2674,09-06-2026 16.57,10000000,1393.59,Land,Residential
10013226,Nad Al Shiba First,930.26,2026,1750,02-04-2026 12.42,10013226,930.26,Land,Villa
10039005,Al Merkadh,621.77,2026,2282,06-05-2026 17.20,10039005,621.77,Land,Residential
10050038,Al Suq Al Kabeer,466.84,2026,1544,17-03-2026 14.22,10050038,466.84,Land,Commercial
10077927,Um Suqaim Second,1337.53,2026,1613,24-03-2026 21.41,10077927,1337.53,Land,Residential
10103965,Jumeirah Second,938.69,2026,2585,03-06-2026 19.04,10103965,938.69,Land,Residential
10170206,Al Warsan Second,1574.74,2026,1667,30-03-2026 9.40,10170206,1574.74,Land,General Use
10300000,Al Barsha Second,1393.51,2026,2975,29-06-2026 8.28,10300000,1393.51,Land,Residential
10303248,Al Hamriya,797.67,2026,742,02-02-2026 14.52,10303248,797.67,Land,Commercial
10303937,Al Thanyah First,2393.17,2026,1798,07-04-2026 9.40,10303937,2393.17,Land,Commercial
10321564,Al Nahda First,998.86,2026,1720,01-04-2026 9.17,10321564,998.86,Land,Commercial
10399994,Jumeirah Second,1207.74,2026,2983,29-06-2026 10.32,10399994,1207.74,Land,Residential
10457425,Al Hebiah Fourth,1295.37,2026,602,26-01-2026 10.31,10457425,1295.37,Land,Land
10464061,Al Mamzer,1620.24,2026,1569,23-03-2026 10.36,10464061,1620.24,Land,Residential
10466795,Al Warqa First,1389.14,2026,2843,22-06-2026 14.22,10466795,1389.14,Land,Residential Flats
10500000,Muhaisanah First,3678.96,2026,977,11-02-2026 13.16,10500000,3678.96,Land,Residential
10500830,Al Qusais Industrial Fifth,1219.45,2026,1878,10-04-2026 8.43,10500830,1219.45,Land,Commercial
10594993,Al Barshaa South Third,1514.32,2026,454,19-01-2026 9.49,10594993,1514.32,Land,Commercial
10656037,Al Khawaneej First,1767.82,2026,2130,27-04-2026 8.38,10656037,1767.82,Land,General Use
10663263,Al Nahda First,1042.79,2026,1957,16-04-2026 10.35,10663263,1042.79,Land,Commercial
10664388,Al Nahda First,1042.9,2026,1953,16-04-2026 10.26,10664388,1042.9,Land,Commercial
10664899,Al Nahda First,1042.95,2026,1954,16-04-2026 10.30,10664899,1042.95,Land,Commercial
10776541,Al Nahda First,1042.89,2026,1958,16-04-2026 10.36,10776541,1042.89,Land,Commercial
10776644,Al Nahda First,1042.9,2026,1959,16-04-2026 10.39,10776644,1042.9,Land,Commercial
10776644,Al Nahda First,1042.9,2026,1960,16-04-2026 10.40,10776644,1042.9,Land,Commercial
10776960,Al Nahda First,1042.95,2026,1469,12-03-2026 10.42,10776960,1042.95,Land,Commercial
10777161,Al Nahda First,1042.95,2026,1961,16-04-2026 10.43,10777161,1042.95,Land,Commercial
10856943,Jumeirah Second,1440.6,2026,689,29-01-2026 15.26,10856943,744.15,Land,Residential
10869957,Al Barshaa South Third,1553.62,2026,1094,16-02-2026 12.14,10869957,1553.62,Land,Commercial
10886972,Al Goze Industrial Second,3890.13,2026,2448,19-05-2026 13.40,10886972,3890.13,Land,Industrial
10920426,Al Khawaneej First,1749.21,2026,2162,28-04-2026 7.19,10920426,1749.21,Land,General Use
10941526,Al Yelayiss 1,1694.17,2026,1460,11-03-2026 13.15,10941526,1694.17,Land,Villa
10997084,Nad Al Shiba Second,1857.57,2026,2750,16-06-2026 19.21,10997084,1857.57,Land,Government Housing
10999985,Jumeirah Second,464.52,2026,39,05-01-2026 8.24,10999985,929.03,Land,Residential
11000000,Al Suq Al Kabeer,364.28,2026,867,06-02-2026 11.15,11000000,364.28,Land,Commercial
11000000,Mirdif,1381.1,2026,1300,26-02-2026 11.44,11000000,1381.1,Land,Residential
11000000,Al Dhagaya,235.7,2026,2433,19-05-2026 11.35,11000000,235.7,Land,Commercial
11000000,Al Thanyah Fifth,744.76,2026,1520,16-03-2026 12.12,11000000,744.76,Land,Commercial
11000000,Al Hebiah Fifth,640,2026,681,29-01-2026 10.07,11000000,640,Land,Residential
11000000,Dubai Investment Park First,10521.27,2026,2578,03-06-2026 14.05,11000000,10521,Land,Commercial
11000000,Al Thanyah Fifth,932.32,2026,543,22-01-2026 10.20,11000000,932.32,Land,Commercial
11000000,Naif,269.6,2026,1338,02-03-2026 10.34,11000000,269.6,Land,Commercial
11031990,Al Goze First,3660.38,2026,1684,31-03-2026 8.49,11031990,3660.38,Land,
11094664,Al Mamzer,1472.47,2026,45,05-01-2026 10.29,11094664,1472.47,Land,General Use
11132537,Nad Al Hamar,1591.15,2026,301,13-01-2026 12.21,11132537,1591.15,Land,Commercial
11148989,Hadaeq Sheikh Mohammed Bin Rashid,1294.73,2026,2545,02-06-2026 11.22,11148989,1294.72,Land,Commercial
11242194,Al Merkadh,696.29,2026,858,06-02-2026 9.01,11242194,696.29,Land,Residential
11320566,Mirdif,876.43,2026,1575,23-03-2026 13.08,11320566,876.43,Land,Residential Flats
11326798,Al Karama,701.52,2026,536,21-01-2026 16.12,11326798,701.53,Land,Commercial
11460001,Al Nahda Second,1774.45,2026,2856,23-06-2026 13.15,11460001,1774.45,Land,Commercial
11500000,Mirdif,1381,2026,105,06-01-2026 14.49,11500000,1381.1,Land,Residential
11501981,Al Buteen,237.46,2026,246,12-01-2026 9.16,11501981,237.46,Land,Commercial
11518449,Al Raffa,1189,2026,1465,12-03-2026 1.21,11518449,1189,Land,
11591278,Saih Shuaib 2,3076.76,2026,667,28-01-2026 16.05,11591278,3076.76,Land,Industrial
11609899,Al Mararr,599.22,2026,1833,09-04-2026 8.30,11609899,599.22,Land,Commercial
11659483,Wadi Al Safa 3,1444.27,2026,2205,01-05-2026 10.33,11659483,1444.27,Land,Residential
11774711,Al Warsan First,1250.18,2026,2257,05-05-2026 13.50,11774711,1250.18,Land,Commercial
11883242,Al Nahda First,1149.99,2026,1722,01-04-2026 9.21,11883242,1149.99,Land,Commercial
11894949,Um Suqaim Second,1700.1,2026,43,05-01-2026 10.04,11894949,1700.12,Land,Residential
11900912,Al Wasl,1005.12,2026,2330,12-05-2026 10.12,11900912,1005.12,Land,Residential
11999983,Al Karama,929.03,2026,862,06-02-2026 9.33,11999983,929.03,Land,Commercial
11999983,Mankhool,929.03,2026,1987,17-04-2026 9.56,11999983,929.03,Land,Commercial
11999983,Jabal Ali Industrial First,1858.06,2026,2328,12-05-2026 10.07,11999983,1858.06,Land,Labor Camp
11999983,Al Raffa,929.03,2026,687,29-01-2026 14.58,11999983,929.03,Land,Commercial
11999983,Mirdif,2787.09,2026,1241,24-02-2026 10.40,11999983,2787.09,Land,Residential
11999983,Al Ttay,1858.06,2026,963,11-02-2026 11.57,11999983,1858.06,Land,Labor Camp
11999983,Al Ttay,1858.06,2026,961,11-02-2026 11.41,11999983,1858.06,Land,Labor Camp
12000000,Al Barsha Second,1811.76,2026,308,13-01-2026 14.23,12000000,1811.76,Land,Residential
12000000,Al Thanayah Fourth,540.02,2026,518,21-01-2026 11.33,12000000,540.05,Land,Commercial
12000000,Al Khawaneej First,900.98,2026,238,10-01-2026 14.43,12000000,900.98,Land,Residential
12000000,Al Safouh First,692.25,2026,1607,24-03-2026 13.49,12000000,692.25,Land,Commercial
12000000,Al Safouh First,759.09,2026,1606,24-03-2026 13.41,12000000,759.09,Land,Commercial
12000000,Um Suqaim Second,1114.84,2026,1871,09-04-2026 15.19,12000000,1114.84,Land,Residential
12000000,Al Suq Al Kabeer,274.71,2023,2671,13-01-2026 11.20,12000000,274.71,Land,Commercial
12000000,Al Barshaa South Second,929.03,2026,2468,20-05-2026 10.28,12000000,929.03,Land,Residential
12000000,Al Suq Al Kabeer,457.55,2026,372,14-01-2026 14.10,12000000,457.55,Land,Commercial
12000000,Dubai Investment Park Second,5717.29,2026,749,02-02-2026 15.44,12000000,5717,Land,Commercial
12000000,Um Suqaim Second,576.02,2026,637,27-01-2026 8.54,12000000,576.02,Land,Residential
12000000,Lehbab Second,3716.12,2026,1202,23-02-2026 10.15,12000000,3716.12,Land,Petrol Station
12000000,Ras Al Khor Industrial First,3446.7,2026,2929,25-06-2026 12.02,12000000,3446.7,Land,Commercial
12000000,Um Al Sheif,1114.84,2026,1497,15-03-2026 11.32,12000000,1114.84,Land,Residential
12000000,Al Satwa,1379.89,2026,462,19-01-2026 10.53,12000000,1383.33,Land,Commercial
12000026,Al Manara,1393.55,2026,2943,26-06-2026 8.54,12000026,1393.55,Land,Residential
12067925,Jumeirah First,1601.64,2026,1457,11-03-2026 12.17,12067925,1601.64,Land,Residential
12175230,Jabal Ali Industrial First,7540.79,2026,1416,09-03-2026 10.23,12175230,7540.78,Land,Industrial
12202248,Al Raffa,1030.57,2026,1109,16-02-2026 15.45,12202248,1030.57,Land,Commercial
12257451,Al Merkadh,543.3,2026,2355,12-05-2026 16.22,12257451.18,543.3,Unit,Flat
12315893,Al Thanyah Third,762.79,2026,1742,02-04-2026 8.13,12315893,762.79,Land,Residential
12470383,Al Nahda First,1206.81,2026,1721,01-04-2026 9.19,12470383,1206.81,Land,Commercial
12485236,Al Warsan First,1325.62,2026,2259,05-05-2026 13.58,12485236,1325.62,Land,Commercial
12486877,Al Goze Fourth,1160.07,2026,957,11-02-2026 11.16,12486877,1160.07,Land,Land
12500000,Muhaisanah First,5574.18,2026,2482,21-05-2026 9.07,12500000,5574.18,Land,Residential
12539933,AL QUSAIS,2118.18,2026,2211,01-05-2026 17.33,12539933,2118.18,Land,Commercial
12621130,Al Barshaa South Third,1737.1,2026,660,28-01-2026 10.11,12621130,1737.1,Land,
12672264,Wadi Al Safa 3,3550.81,2026,1410,08-03-2026 12.40,12672264,3924.31,Land,Residential
12730895,Al Murqabat,906.18,2026,1209,23-02-2026 12.49,12730895,909.8,Land,Commercial
12748747,Al Warqa First,1393.41,2026,1083,16-02-2026 10.13,12748747,1393.41,Land,Commercial
12776378,Al Warqa First,1396.43,2026,975,11-02-2026 12.26,12776378,1396.43,Land,Commercial
12799676,Um Suqaim Second,1189.13,2026,1378,04-03-2026 12.57,12799676,1189.13,Land,Residential
12895307,Dubai Investment Park Second,6827.7,2026,100,06-01-2026 13.48,12895307,14975.18,Land,Commercial
12916594,Al Merkadh,2999.98,2026,823,05-02-2026 10.15,12916594,2999.98,Land,Land
12979800,Al Wasl,1096.24,2026,2327,12-05-2026 10.03,12979800,1096.24,Land,Residential
12999982,Al Muteena,929.03,2026,2176,28-04-2026 14.32,12999982,929.03,Land,Commercial
13000000,Al Wasl,1430.71,2026,2626,08-06-2026 10.06,13000000,1430.71,Land,Residential
13000000,Mirdif,2717.41,2026,52,05-01-2026 12.04,13000000,2717.41,Land,Residential
13000000,Nad Al Shiba First,697.5,2026,2764,17-06-2026 12.31,13000000,697.5,Land,Residential
13000000,Jumeirah Second,951.74,2026,2293,07-05-2026 12.43,13000000,951.74,Land,Residential
13000000,Al Thanayah Fourth,756.77,2026,2880,24-06-2026 19.04,13000000,756.77,Land,Commercial
13000000,Um Al Sheif,1393.55,2026,310,13-01-2026 14.32,13000000,1393.55,Land,Residential
13000000,Al Thanayah Fourth,772.95,2026,2712,12-06-2026 8.08,13000000,772.95,Land,Commercial
13000000,Al Warqa First,1402.74,2026,1503,15-03-2026 12.43,13000000,1402.74,Land,
13000000,Jabal Ali Industrial First,1175.22,2026,2539,01-06-2026 12.10,13000000,1175.22,Land,Industrial
13000000,Naif,401.06,2026,53,05-01-2026 12.07,13000000,401.06,Land,Commercial
13000000,Al Barsha Second,1393.55,2026,222,09-01-2026 10.01,13000000,1393.55,Land,Residential
13000000,Um Suqaim Third,1374.96,2026,941,10-02-2026 14.27,13000000,1374.96,Land,Residential
13020013,Al Barsha First,864,2026,2783,18-06-2026 9.11,13020013,864,Land,Commercial
13177166,Mirdif,1530.25,2026,2812,19-06-2026 10.22,13177166,1530.25,Land,Commercial
13333673,Um Suqaim First,1238.74,2026,1252,24-02-2026 12.43,13333673,1238.74,Land,Residential
13345309,Al Barsha First,1127.11,2026,1948,16-04-2026 9.34,13345309,1127.11,Land,
13368764,Al Merkadh,690,2026,2392,15-05-2026 11.01,13368764,690,Land,
13440371,Al Warqa First,1664.87,2026,245,12-01-2026 9.03,13440371,1664.87,Land,Government Housing
13507650,Jumeirah Second,1930.62,2026,848,05-02-2026 14.56,13507650,1930.62,Land,Residential
13601910,Al Merkadh,1263.66,2026,2557,02-06-2026 18.51,13601910,1263.66,Land,Villa
13744567,Jumeirah First,1647.64,2026,565,23-01-2026 10.00,13744567,1647.63,Land,Residential
13809201,Port Saeed,1350.44,2026,2386,15-05-2026 8.22,13809201,1350.44,Land,Commercial
13831181,Al Barshaa South Third,2141.6,2026,914,10-02-2026 8.09,13831181,2141.6,Land,
13851235,Marsa Dubai,1005.72,2026,1821,08-04-2026 12.19,13851234.92,1005.72,Unit,Flat
13857157,Marsa Dubai,1006.15,2026,1816,08-04-2026 11.22,13857157.08,1006.15,Unit,Flat
13890598,Um Suqaim Third,1720.64,2026,1781,06-04-2026 12.30,13890598,1720.64,Land,
13895881,Al Warsan First,2049.16,2026,2179,28-04-2026 15.11,13895881,2049.16,Land,Commercial
13936162,Al Nahda First,1296.69,2026,1468,12-03-2026 10.38,13936162,1296.69,Land,Commercial
14000000,Lehbab First,29807.56,2026,803,04-02-2026 9.06,14000000,29807.59,Land,Agricultural
14000000,Al Qusais Industrial First,3350.1,2026,1087,16-02-2026 11.10,14000000,3350.1,Land,Industrial
14000000,Al Barsha First,1235.24,2026,1802,07-04-2026 13.47,14000000,1235.24,Land,
14000000,Al Safouh First,884.38,2026,1605,24-03-2026 13.27,14000000,884.38,Land,Commercial
14000000,Um Al Sheif,1374.96,2026,2060,21-04-2026 11.56,14000000,1374.96,Land,Residential
14000000,Jumeirah Second,1039.77,2026,2183,29-04-2026 9.38,14000000,1040,Land,Residential
14000000,Al Wasl,1374.96,2026,1311,26-02-2026 14.17,14000000,1374.96,Land,Residential
14000000,Al Ras,205.85,2026,505,20-01-2026 18.41,14000000,205.85,Land,Commercial
14017518,Al Warsan First,1488.31,2026,2258,05-05-2026 13.54,14017518,1488.31,Land,Commercial
14024414,Um Suqaim Second,2171.52,2026,2286,07-05-2026 11.28,14024414,2171.52,Land,Residential
14039914,Al Mamzer,1863.36,2026,2459,20-05-2026 8.18,14039914,1863.36,Land,BANK
14091120,Marsa Dubai,581.81,2026,743,02-02-2026 14.54,14091120.1,581.81,Unit,Flat
14123150,Abu Hail,3807.08,2026,665,28-01-2026 13.44,14123150,7289.36,Land,Commercial
14189350,Al Yelayiss 1,2636.47,2026,8,02-01-2026 9.35,14189350,2636.47,Land,Villa
14250795,Al Yelayiss 1,2407.17,2026,2299,08-05-2026 9.47,14250795,2407.17,Land,Villa
14282974,Hor Al Anz,1474.37,2026,1543,17-03-2026 13.59,14282974,1474.37,Land,Residential
14299938,Mankhool,1021.93,2026,438,16-01-2026 10.46,14299938,1021.93,Land,Commercial
14339452,Al Yelayiss 1,2664.36,2026,281,13-01-2026 9.57,14339452,2664.36,Land,Villa
14359877,Um Al Sheif,1778.77,2026,1751,02-04-2026 13.13,14359877,1778.77,Land,
14435520,AL QUSAIS,2682.21,2026,560,22-01-2026 18.37,14435520,2682.21,Land,Commercial
14442786,Hadaeq Sheikh Mohammed Bin Rashid,1118.15,2026,2948,26-06-2026 9.17,14442786,1118.15,Land,Residential
14640992,Jumeirah First,618.27,2026,2679,10-06-2026 8.16,14640992,618.27,Land,Residential
14694984,Al Warsan First,1365.21,2026,165,07-01-2026 17.17,14694984,1365.21,Land,Commercial
14697696,Al Mamzer,2275.77,2026,1568,23-03-2026 10.31,14697696,2275.77,Land,General Use
14711916,Hor Al Anz,2485.06,2026,2571,03-06-2026 11.17,14711916,2485.06,Land,Commercial
14762129,Al Saffa First,2109.92,2026,2195,30-04-2026 10.51,14762129,2109.92,Land,Residential
14763711,Al Rowaiyah Second,5486.38,2026,828,05-02-2026 10.43,14763711,5486.38,Land,
14805600,Al Nahda First,1146.24,2026,1441,10-03-2026 11.17,14805600,1146.24,Land,Commercial
14927705,Al Yelayiss 1,2521.51,2026,2363,13-05-2026 11.49,14927705,2521.51,Land,Residential
14985071,Al Hebiah Second,3164,2026,402,15-01-2026 9.51,14985071,3164,Land,Land
14998526,Al Warqa First,1393.41,2026,1687,31-03-2026 9.46,14998526,1393.41,Land,Commercial
14999979,Rega Al Buteen,929.03,2026,2054,21-04-2026 10.23,14999979,929.03,Land,Commercial
15000000,Ras Al Khor Industrial Second,3716.12,2026,1088,16-02-2026 11.27,15000000,3716.12,Land,Industrial
15000000,Al Mararr,371.43,2026,1628,25-03-2026 14.20,15000000,371.55,Land,Commercial
15000000,Ras Al Khor Industrial First,3982.47,2026,2019,20-04-2026 9.07,15000000,3982.47,Land,Industrial
15000000,Jumeirah First,1616.51,2026,313,13-01-2026 14.45,15000000,1616.51,Land,Residential / Villas
15000000,Al Hamriya,830.35,2026,1415,09-03-2026 10.00,15000000,830.35,Land,Commercial
15000000,AL TWAR FIFTH,1598.5,2026,514,21-01-2026 10.50,15000000,1598.5,Land,Residential
15000000,Al Manara,1392.77,2026,317,13-01-2026 15.02,15000000,1393.55,Land,Residential
15000000,Al Khawaneej First,1858.06,2026,516,21-01-2026 11.22,15000000,1858.06,Land,Residential
15000000,Um Suqaim Third,771.75,2026,413,15-01-2026 14.04,15000000,771.75,Land,Residential
15015641,Al Warqa First,1395.31,2026,2364,13-05-2026 12.38,15015641,1395,Land,
15019989,Al Goze Industrial First,6977.02,2026,1867,09-04-2026 14.37,15019989,6977.02,Land,Industrial
15028772,Al Khawaneej First,1994.6,2026,2814,19-06-2026 10.55,15028772,3989.2,Land,Agricultural
15082387,Hatta,14012.01,2026,2610,05-06-2026 7.35,15082387,14012.01,Land,Hospital
15171706,Saih Shuaib 2,3132.22,2026,2345,12-05-2026 11.36,15171706,3132.22,Land,Industrial
15267296,Al Hebiah Second,3223.59,2026,427,16-01-2026 8.57,15267296,3223.59,Land,Land
15316771,AL TWAR FIFTH,1778.72,2026,500,20-01-2026 14.23,15316771,1778.72,Land,Commercial
15348378,Al Hebiah Second,3240.71,2026,382,15-01-2026 8.27,15348378,3240.71,Land,Land
15348615,Al Hebiah Second,3240.76,2026,428,16-01-2026 8.59,15348615,3240.76,Land,Land
15358656,Al Hebiah Second,3242.88,2026,392,15-01-2026 9.18,15358656,3242.88,Land,Land
15358845,Al Hebiah Second,3242.92,2026,426,16-01-2026 8.55,15358845,3242.92,Land,Land
15429669,Al Goze Industrial Second,4410.66,2026,697,30-01-2026 13.27,15429669,4410.66,Land,Industrial
15475367,Business Bay,1437.71,2026,1621,25-03-2026 10.05,15475367,1437.71,Land,Multi Store Parcking
15494582,Al Hebiah Second,3271.58,2026,401,15-01-2026 9.46,15494582,3271.58,Land,Land
15500000,Dubai Investment Park Second,3112,2026,160,07-01-2026 14.16,15500000,3112,Land,Commercial
15500000,Um Suqaim Second,692.13,2026,984,11-02-2026 15.05,15500000,1384.26,Land,Government Housing
15512816,Al Hebiah Second,3275.43,2026,424,16-01-2026 8.51,15512816,3275.43,Land,Land
15532308,Dubai Investment Park Second,12025,2026,2641,09-06-2026 1.51,15532308,12025,Land,Commercial
15543432,Um Suqaim Third,2221.59,2026,892,09-02-2026 11.29,15543432,2221.59,Land,
15552248,Al Khabeesi,4128.15,2026,600,26-01-2026 10.06,15552248,4128.15,Land,Commercial
15600013,Trade Center First,1449.29,2026,947,10-02-2026 17.33,15600013,1449.29,Land,Industrial
15600034,Al Barsha First,1114.84,2026,553,22-01-2026 16.29,15600034,1114.84,Land,Commercial
15601294,Al Barsha First,1114.93,2026,805,04-02-2026 9.45,15601294,1114.93,Land,Commercial
15605360,Al Hebiah Second,3294.97,2026,425,16-01-2026 8.53,15605360,3294.97,Land,Land
15639990,Al Garhoud,3632.51,2026,776,03-02-2026 11.13,15639990,3632.51,Land,Residential / Villas
15658299,Jabal Ali First,2909.41,2026,1485,13-03-2026 10.14,15658299,2909.41,Land,Commercial
15747053,Al Nahda First,2659.91,2026,3015,30-06-2026 9.51,15747053,2659.91,Land,Residential
15752085,Al Mamzer,1626.02,2026,1474,12-03-2026 12.31,15752085,1626.02,Land,Commercial
15934748,Al Barsha First,1057.42,2026,1555,23-03-2026 10.49,15934748,1057.42,Land,Commercial
15999978,Jabal Ali Industrial First,1858.06,2026,972,11-02-2026 12.19,15999978,1858.06,Land,Labor Camp
16000000,Um Suqaim First,418.62,2026,362,14-01-2026 12.23,16000000,418.66,Land,Residential
16000000,Al Hebiah Third,519,2026,285,13-01-2026 10.38,16000000,519,Land,Residential
16000000,Al Mararr,342.16,2026,1092,16-02-2026 11.56,16000000,342.16,Land,Commercial
16000000,Al Hamriya,782.34,2026,1057,13-02-2026 12.13,16000000,782.34,Land,Commercial
16000000,Al Karama,1386.76,2026,725,02-02-2026 11.57,16000000,1386.76,Land,Commercial
16000000,Naif,349.5,2026,2086,22-04-2026 12.34,16000000,349.5,Land,Commercial
16000000,Eyal Nasser,276.01,2026,2707,11-06-2026 15.03,16000000,276.01,Land,Commercial
16000000,Dubai Investment Park First,2859,2026,1939,15-04-2026 8.56,16000000,2859,Land,Commercial
16048760,Al Bada,1490.98,2026,847,05-02-2026 14.35,16048760,1490.98,Land,Residential
16071967,Al Muteena,933.21,2026,1645,26-03-2026 11.56,16071967,933.21,Land,Commercial
16085142,Al Barshaa South Third,1494.36,2026,2845,22-06-2026 20.47,16085142,1494.36,Land,Residential
16200000,Jumeirah First,1904.51,2026,2924,25-06-2026 11.08,16200000,1904.51,Land,Residential
16241627,Al Yelayiss 1,2514.83,2026,2051,21-04-2026 8.44,16241627,2514.83,Land,Residential
16309978,Al Goze Industrial Second,4329.28,2026,888,09-02-2026 10.40,16309978,4329.28,Land,Industrial
16312602,Al Thanyah Fifth,630.36,2026,2226,04-05-2026 10.56,16312601.84,630.36,Unit,Office
16349783,Al Yelayiss 1,2761.72,2026,2394,15-05-2026 16.18,16349783,2761.72,Land,Residential
16399878,Al Manara,2344,2026,373,14-01-2026 16.07,16399878,2344,Land,Residential
16418112,Al Layan1,7626.47,2026,735,02-02-2026 13.29,16418112,7626.47,Land,Warehouse
16500036,Nad Al Shiba First,1393.55,2026,397,15-01-2026 9.35,16500036,1393.55,Land,Sports Club
16537489,Um Ramool,4389.67,2026,229,09-01-2026 11.00,16537489,4389.67,Land,Residential
16575932,Wadi Al Safa 3,1399.96,2026,2477,20-05-2026 15.33,16575932,1399.96,Land,
16584920,Al Barshaa South Second,3668.55,2026,2343,12-05-2026 11.06,16584920,3668.55,Land,Commercial
16584920,Al Barshaa South Second,3668.55,2026,394,15-01-2026 9.23,16584920,3668.55,Land,Commercial
16614295,Um Suqaim Third,1543.52,2026,2511,22-05-2026 11.09,16614295,1543.52,Land,Residential
16635500,Marsa Dubai,417.7,2026,2495,21-05-2026 14.20,16635500,417.7,Unit,Flat
16663412,Marsa Dubai,572.53,2026,2498,21-05-2026 14.34,16663412.31,572.53,Unit,Flat
16676037,Jabal Ali Industrial First,3873.14,2026,911,09-02-2026 15.23,16676037,3873.14,Land,Labor Camp
16802459,Jumeirah First,2401.54,2026,151,07-01-2026 11.32,16802459,2401.54,Land,Residential
16844018,Al Barshaa South Third,2407.48,2026,1975,17-04-2026 0.27,16844018,2407.48,Land,
16869539,Hor Al Anz East,1741.37,2026,951,11-02-2026 8.01,16869539,1741.37,Land,Residential
17000000,Ras Al Khor Industrial Second,3716.12,2026,2430,19-05-2026 11.14,17000000,3716.12,Land,Industrial
17000000,Nad Al Hamar,1858,2026,92,06-01-2026 11.54,17000000,1858,Land,
17285962,Al Murqabat,1605.92,2026,1989,17-04-2026 10.16,17285962,1605.92,Land,Commercial
17360244,Al Garhoud,4608.06,2026,532,21-01-2026 14.52,17360244,4608.06,Land,Commercial
17498226,Al Barshaa South Second,4359.74,2026,389,15-01-2026 9.07,17498226,4278,Land,Commercial
17513872,Al Merkadh,1712.73,2026,2302,08-05-2026 10.20,17513872,1712.73,Land,Land
17691072,Al Yelayiss 1,2739.26,2026,2800,18-06-2026 14.44,17691072,2739.26,Land,Villa
17694560,Mankhool,1174.2,2026,1844,09-04-2026 10.30,17694560,1174.2,Land,Commercial
17759789,Al Satwa,1374.95,2026,1965,16-04-2026 11.56,17759789,1374.95,Land,Commercial / Offices / Residential
17798907,Al Barshaa South Second,3801.32,2026,2336,12-05-2026 10.47,17798907,3801.32,Land,Commercial
17798907,Al Barshaa South Second,3801.32,2026,387,15-01-2026 8.56,17798907,3801.32,Land,Commercial
17812059,Al Barshaa South Third,1504.36,2026,1602,24-03-2026 12.27,17812059,1504.36,Land,Residential
17832566,Al Barshaa South Second,4359.74,2026,2339,12-05-2026 10.53,17832566,4359.74,Land,Commercial
18000000,Al Warsan First,1430.22,2026,1615,25-03-2026 8.11,18000000,1430.22,Land,Residential
18000000,Jumeirah Third,899.39,2026,1635,26-03-2026 8.31,18000000,899.39,Land,Residential
18000000,Jumeirah Third,910.45,2026,1919,13-04-2026 14.45,18000000,910.45,Land,Residential
18000000,Al Suq Al Kabeer,530.48,2026,1988,17-04-2026 9.57,18000000,530.48,Land,Commercial
18000000,Dubai Investment Park Second,8001.65,2026,2968,26-06-2026 12.48,18000000,8001.65,Land,Commercial
18000000,Al Manara,1637.8,2026,616,26-01-2026 12.56,18000000,1635.74,Land,Residential
18000039,Hor Al Anz,1393.55,2026,971,11-02-2026 12.17,18000039,1393.55,Land,Commercial
18000039,Um Al Sheif,1393.55,2026,816,04-02-2026 14.36,18000039,1393.55,Land,
18053269,Warsan Fourth,2541.22,2026,573,23-01-2026 10.33,18053269,2541.22,Land,
18175275,Marsa Dubai,623.46,2026,2499,21-05-2026 14.39,18175274.86,623.46,Unit,Flat
18208192,Al Hebiah Fourth,2819.33,2026,2440,19-05-2026 12.33,18208192,2819.33,Land,Residential Flats
18236458,Al Barsha First,1210.16,2026,1451,10-03-2026 14.21,18236458,1210.16,Land,Commercial
18352369,Al Yelayiss 2,6819.97,2026,1782,06-04-2026 12.32,18352369,6819.97,Land,Residential
18396785,Muhaisanah Second,6330.07,2026,2277,06-05-2026 12.26,18396785,6317.41,Land,Residential
18424352,Al Barsha Third,4279.2,2026,1626,25-03-2026 13.43,18424352,4279.2,Land,Residential
18429519,Al Suq Al Kabeer,570.72,2026,2570,03-06-2026 11.12,18429519,570.72,Land,Commercial
18500000,Saih Shuaib 2,7100.41,2026,1027,12-02-2026 13.35,18500000,7100.41,Land,Industrial
18646024,Al Warsan Third,8661.36,2026,482,20-01-2026 10.40,18646024,8661.37,Land,Agricultural
18678682,Nad Al Shiba First,1446.09,2026,2418,19-05-2026 8.29,18678682,1446.09,Land,Commercial
18678682,Nad Al Shiba First,1446.09,2026,2361,13-05-2026 10.19,18678682,1446.09,Land,Commercial
18694397,Jumeirah First,2170.96,2026,2710,11-06-2026 18.20,18694397,2170.96,Land,Residential
18793124,Al Hamriya,1454.95,2026,1102,16-02-2026 14.07,18793124,1454.95,Land,Commercial
18813166,Al Jadaf,1248.43,2026,2409,18-05-2026 15.14,18813166,1248.43,Land,Commercial
19000000,Al Suq Al Kabeer,282.43,2026,2429,19-05-2026 11.12,19000000,282.43,Land,Commercial
19000000,Mirdif,2204.67,2026,2178,28-04-2026 15.00,19000000,2204.67,Land,Residential
19000000,Ras Al Khor Industrial Second,4626.57,2026,2032,20-04-2026 11.13,19000000,4626.57,Land,Industrial
19185532,Al Muteena,1697.52,2026,259,12-01-2026 12.47,19185532,1697.52,Land,Commercial
19199956,Jumeirah Third,2229.67,2026,870,06-02-2026 11.28,19199956,2229.67,Land,Residential
19213562,Nad Al Shiba First,1428,2026,897,09-02-2026 12.35,19213562,1428,Land,Commercial
19214595,Madinat Hind 3,5950.32,2026,1516,16-03-2026 11.28,19214595,5950.32,Land,Residential
19233001,Saih Shuaib 2,3970.68,2026,2229,04-05-2026 11.06,19233001,3970.68,Land,Residential Flats
19239772,Al Satwa,1374.95,2026,2156,27-04-2026 13.16,19239772,1374.95,Land,Commercial / Offices / Residential
19268942,Al Jadaf,1193.43,2026,2702,11-06-2026 12.04,19268942,1193.43,Land,Commercial
19318768,Al Warqa First,2991.29,2026,1896,13-04-2026 9.57,19318768,2991.29,Land,Commercial
19338961,Ras Al Khor Industrial Second,3593.3,2026,1459,11-03-2026 12.25,19338961,3593.3,Land,Industrial
19375020,Um Suqaim First,3000,2026,2012,17-04-2026 13.03,19375020,3000,Land,
19409543,Jabal Ali Industrial First,5548.33,2026,1728,01-04-2026 12.47,19409543,5548.33,Land,Warehouse
19410546,Al Manara,1348.02,2026,2985,29-06-2026 10.38,19410546,2121.53,Land,Residential
19499903,Oud Metha,1393.54,2026,2371,14-05-2026 10.50,19499903,1393.54,Land,Commercial
19500000,Nad Al Shiba First,1322.12,2026,2584,03-06-2026 18.53,19500000,1322.12,Land,Residential
19532754,Al Nahda Second,3155.92,2026,1791,06-04-2026 19.03,19532754,3155.92,Land,Commercial
19649069,Wadi Al Safa 3,1825.46,2026,533,21-01-2026 15.35,19649069,1825.46,Land,Residential
19725794,Naif,964.52,2026,2562,03-06-2026 8.36,19725794,964.52,Land,Commercial
19848197,Al Barshaa South Second,4968.33,2026,393,15-01-2026 9.20,19848197,4390.38,Land,Commercial
19848197,Al Barshaa South Second,4968.33,2026,2342,12-05-2026 11.03,19848197,4968.33,Land,Commercial
19860041,Jumeirah Third,1230.04,2026,15,02-01-2026 11.14,19860041,1230.04,Land,Residential
19891829,Wadi Al Safa 3,1400.01,2026,861,06-02-2026 9.30,19891829,1400.01,Land,Government Housing
19981824,Nad Al Shiba First,1427.98,2026,818,04-02-2026 15.18,19981824,1427.98,Land,General Use
19991404,Al Hamriya,3095.44,2026,983,11-02-2026 14.56,19991404,3095.44,Land,Commercial
19999972,Wadi Al Amardi,4645.15,2026,2357,13-05-2026 8.22,19999972,4645.15,Land,
20000000,Nad Al Shiba First,3700.88,2026,1272,25-02-2026 10.04,20000000,3697.54,Land,Residential
20000000,Al Karama,825.26,2026,1911,13-04-2026 14.10,20000000,825.26,Land,Commercial
20000000,Dubai Investment Park First,3667.53,2026,1662,30-03-2026 8.36,20000000,3667.53,Land,Commercial
20000000,Al Garhoud,2936,2026,159,07-01-2026 14.01,20000000,2936,Land,Residential
20000000,Wadi Al Safa 2,750,2026,2137,27-04-2026 8.52,20000000,750,Land,
20000000,Al Manara,1532.9,2026,1502,15-03-2026 12.34,20000000,1532.9,Land,Residential
20000000,Jumeirah Third,594.58,2026,1424,09-03-2026 14.09,20000000,594.58,Land,Commercial
20000000,Jumeirah Third,594.58,2026,1423,09-03-2026 14.07,20000000,594.58,Land,Residential
20000000,Al Karama,422.71,2026,2023,20-04-2026 10.16,20000000,422.71,Land,Commercial
20000000,Mirdif,2787.09,2026,1414,09-03-2026 9.59,20000000,2787.09,Land,Residential
20004794,Al Qusais Industrial Fifth,4646.27,2026,526,21-01-2026 12.04,20004794,4646.27,Land,Industrial
20022275,Al Nahda First,1550.11,2026,1442,10-03-2026 11.32,20022275,1550.11,Land,Commercial
20048754,Al Hebiah Sixth,6208.64,2026,609,26-01-2026 12.07,20048754,6208.64,Land,Residential
20052965,Me'Aisem First,4383.49,2026,2671,09-06-2026 13.52,20052965,4383.49,Land,Commercial
20112993,Al Nahda Second,1868.56,2026,970,11-02-2026 12.16,20112993,1868.56,Land,Commercial
20545305,Um Suqaim Second,1272.47,2026,2612,05-06-2026 9.38,20545305,1272.47,Land,Government Housing
20614946,Al Manara,2735.99,2026,1747,02-04-2026 11.51,20614946,2735.99,Land,Residential
20633718,Wadi Al Safa 5,2255.22,2026,574,23-01-2026 10.35,20633718,2255.22,Land,Commercial
20684771,Al Nahda Second,2402.1,2026,2452,19-05-2026 14.18,20684771,2402.1,Land,Commercial
20737030,Al Barshaa South Second,3853.07,2026,395,15-01-2026 9.26,20737030,3853.07,Land,Commercial
20778821,Madinat Hind 3,7721.67,2026,1970,16-04-2026 13.54,20778821,7721.67,Land,Residential
20786329,Al Wasl,378.65,2026,1708,31-03-2026 20.04,20786329,378.65,Unit,Flat
20815230,Jumeirah First,1611.5,2026,1462,11-03-2026 22.56,20815230,1611.5,Land,Residential
20893414,Al Barshaa South Second,5206.5,2026,391,15-01-2026 9.16,20893414,4621.58,Land,Commercial
20893414,Al Barshaa South Second,5206.5,2026,2341,12-05-2026 11.00,20893414,5206.5,Land,Commercial
21000000,Dubai Investment Park Second,5501.79,2026,2790,18-06-2026 11.44,21000000,5501.79,Building,Building
21000000,Um Al Sheif,1950.96,2026,1499,15-03-2026 11.56,21000000,1950.96,Land,Residential
21000046,Al Barsha First,1393.55,2026,2813,19-06-2026 10.53,21000046,1393.55,Land,Commercial
21156819,Palm Jumeirah,952.65,2026,396,15-01-2026 9.32,21156818.97,952.65,Unit,Flat
21399925,Um Al Sheif,1988.12,2026,2989,29-06-2026 11.46,21399925,1988.12,Land,Residential
21417169,Al Bada,1421.23,2026,2681,10-06-2026 9.28,21417169,1421.23,Land,Residential
21433454,Al Murqabat,1327.49,2026,1797,07-04-2026 9.13,21433454,1327.49,Land,Commercial
21439751,Al Merkadh,1327.88,2026,1435,10-03-2026 10.32,21439751,1327.88,Land,Residential
21447630,Wadi Al Safa 3,1660.46,2026,1432,10-03-2026 10.23,21447630,1660.46,Land,Residential
21469137,Um Suqaim Second,1994.55,2026,693,30-01-2026 9.12,21469137,1994.55,Land,Residential
21543004,Jumeirah Third,570.1,2026,1757,02-04-2026 15.16,21543004,2668.55,Land,Residential
21796898,Me'Aisem First,2250,2026,1174,19-02-2026 13.07,21796898,2250,Land,Commercial
21813043,Al Murqabat,1351,2026,2479,20-05-2026 17.19,21813043,1351,Land,Commercial
21814852,Al Jadaf,2895.24,2026,2200,30-04-2026 13.12,21814852,2895.24,Land,Hospital
21845766,Marsa Dubai,722.62,2026,2501,21-05-2026 14.45,21845766.06,722.62,Unit,Flat
21941510,Madinat Al Mataar,5824.1,2026,1749,02-04-2026 12.05,21941510,5824.1,Land,
21945547,Al Raffa,2038.66,2026,148,07-01-2026 11.10,21945547,2038.81,Land,Commercial
21956741,Dubai Investment Park First,8159.4,2026,472,19-01-2026 17.12,21956741,8159.4,Land,Commercial
21984458,Al Barshaa South Third,1856.75,2026,2233,04-05-2026 14.59,21984458,1856.75,Land,Commercial
22000000,Dubai Investment Park Second,5850,2026,2795,18-06-2026 12.23,22000000,5850,Building,Building
22000000,Dubai Investment Park Second,5850,2026,2794,18-06-2026 12.17,22000000,5850,Building,Building
22000000,Al Waheda,6807.51,2026,2916,25-06-2026 10.48,22000000,6807.51,Land,Government Housing
22000000,Dubai Investment Park Second,6000.01,2026,2791,18-06-2026 11.54,22000000,6000.01,Building,Building
22000000,Al Thanyah Fifth,931.08,2026,1565,23-03-2026 9.35,22000000,931.08,Land,Commercial
22000000,Burj Khalifa,321.31,2026,1190,21-02-2026 10.08,22000000,321.31,Unit,Hotel Apartment
22000000,AL QUSAIS,959.69,2026,2177,28-04-2026 14.54,22000000,959.69,Land,Residential
22071635,Al Hamriya,1708.77,2026,924,10-02-2026 9.33,22071635,1708.77,Land,Commercial
22136735,Madinat Al Mataar,2937.96,2026,1627,25-03-2026 13.50,22136735,2937.96,Land,Airport
22139835,Jumeirah Third,1142.7,2026,2391,15-05-2026 10.25,22139835,1142.7,Land,Commercial
22174151,Wadi Al Safa 3,2575.06,2026,270,12-01-2026 15.22,22174151,2575.06,Land,Residential
22499048,Al Satwa,1161.24,2026,303,13-01-2026 12.49,22499048,1161.24,Land,
22500000,Jumeirah First,1395.03,2026,484,20-01-2026 11.44,22500000,1395.03,Land,Commercial
22507476,Um Suqaim Third,1394.01,2026,2412,18-05-2026 16.51,22507476,1394.01,Land,Residential
22680011,Um Suqaim First,1755.87,2026,417,15-01-2026 16.13,22680011,1755.87,Land,Residential
22726075,Dubai Investment Park Second,14075.49,2026,2395,15-05-2026 17.14,22726075,14075.49,Land,Commercial
22740009,AL QUSAIS,3521.03,2026,2313,11-05-2026 10.12,22740009,3521.03,Land,Residential
22865968,Al Suq Al Kabeer,1062.16,2026,1440,10-03-2026 11.04,22865968,1067.73,Land,Commercial
22889997,Al Barshaa South Second,5150.37,2026,2340,12-05-2026 10.58,22889997,5150.37,Land,Commercial
22889997,Al Barshaa South Second,5150.37,2026,390,15-01-2026 9.10,22889997,5063.22,Land,Commercial
23000000,Naif,562.06,2026,2095,22-04-2026 13.05,23000000,562.06,Land,Commercial
23000000,Al Raffa,1062.25,2026,2481,21-05-2026 8.46,23000000,1062.25,Land,Commercial
23000000,Jumeirah First,2770.65,2026,314,13-01-2026 14.52,23000000,2770.65,Land,Residential
23062482,Al Hebiah Second,4120.34,2026,423,16-01-2026 8.49,23062482,4120.34,Land,Land
23062594,Al Hebiah Second,4120.36,2026,429,16-01-2026 9.01,23062594,4120.36,Land,Land
23224514,Naif,1438.42,2026,1845,09-04-2026 10.44,23224514,1438.42,Land,Commercial
23297864,Al Barshaa South Second,3668.55,2026,2102,23-04-2026 9.51,23297864,3668.55,Land,Commercial
23388028,Al Barshaa South Second,6288.37,2026,384,15-01-2026 8.46,23388028,6208.06,Land,Commercial
23449112,Al Jadaf,1270.26,2026,952,11-02-2026 9.31,23449112,1270.26,Land,Commercial
23489677,Al Qusais Industrial Second,14548.43,2026,2552,02-06-2026 14.11,23489677,14548.43,Land,Industrial
23641981,Al Barsha South Fourth,1996.74,2026,2659,09-06-2026 11.23,23641981,1996.74,Land,Residential
23678847,Al Satwa,1157.81,2026,601,26-01-2026 10.06,23678847,1157.81,Land,
23690585,Al Barshaa South Second,6288.37,2026,2334,12-05-2026 10.41,23690585,6288.37,Land,Commercial
23701284,Oud Metha,6291.21,2026,1819,08-04-2026 11.51,23701284,6291.21,Land,Sports Club
23750018,Al Nahda First,2322.58,2026,2231,04-05-2026 12.01,23750018,2322.58,Land,Commercial
23834988,Al Khawaneej First,6326.7,2026,1917,13-04-2026 14.41,23834988,6326.7,Land,Residential
23840962,Saih Shuaib 2,5906.4,2026,2228,04-05-2026 11.02,23840962,5906.4,Land,Industrial
23927202,Al Nahda First,2778.64,2026,1275,25-02-2026 11.04,23927202,2778.64,Land,
23999966,Nad Al Shiba Fourth,3716.12,2026,1153,18-02-2026 11.32,23999966,3716.12,Land,Government Housing
23999966,Al Saffa First,3716.12,2026,398,15-01-2026 9.39,23999966,3716.12,Land,Residential
23999966,Me'Aisem First,7432.24,2026,2082,22-04-2026 12.07,23999966,7432.24,Land,Petrol Station
23999983,Jabal Ali First,14864.49,2026,1142,17-02-2026 11.47,23999983,14864.49,Land,CHURCH
24000000,Al Jafliya,4050.57,2026,524,21-01-2026 11.55,24000000,4050.57,Land,
24000000,Um Ramool,2460.95,2026,1375,04-03-2026 12.10,24000000,2460.95,Land,Industrial
24000000,Al Hebiah Third,1050.78,2026,1654,26-03-2026 16.20,24000000,1050.78,Land,Residential
24049959,Al Nahda Second,3437.41,2026,2374,14-05-2026 12.01,24049959,3437.41,Land,Commercial
24120005,Jumeirah Second,2801.03,2026,2588,04-06-2026 6.49,24120005,2801.03,Land,Residential
24247599,Marsa Dubai,1062.15,2026,1818,08-04-2026 11.34,24247598.82,1062.15,Unit,Shop
24550217,Al Barshaa South Second,3801.32,2026,2110,23-04-2026 10.17,24550217,3801.32,Land,Commercial
24584941,Al Karama,2076.38,2026,655,27-01-2026 16.42,24584941,2076.38,Land,Commercial
24599031,Mankhool,1344.31,2026,2056,21-04-2026 10.28,24599031,1344.31,Land,Commercial
24672377,Ghadeer Al tair,8042.6,2026,1233,24-02-2026 9.35,24672377,8042.6,Land,Residential
24842457,Madinat Hind 3,7693.14,2026,1517,16-03-2026 11.31,24842457,7693.14,Land,Residential
24871737,Al Barshaa South Second,4359.74,2026,2106,23-04-2026 10.04,24871737,4359.74,Land,Commercial
25000000,Muragab,113455.14,2026,2923,25-06-2026 11.05,25000000,113455.14,Land,Agricultural
25000000,Wadi Al Safa 5,1935.21,2026,1567,23-03-2026 9.43,25000000,1935.21,Land,Commercial
25000000,Al Buteen,469.25,2026,2356,12-05-2026 17.20,25000000,469.25,Land,Commercial
25000000,Al Suq Al Kabeer,513.29,2026,498,20-01-2026 13.49,25000000,513.27,Land,Commercial
25000000,Um Ramool,3716.12,2026,1983,17-04-2026 8.42,25000000,3716.12,Land,Residential
25000000,Al Suq Al Kabeer,436.18,2026,1950,16-04-2026 10.07,25000000,436.18,Land,Commercial
25000000,Nadd Hessa,8368.98,2026,1984,17-04-2026 9.00,25000000,8368.98,Land,Commercial
25000000,Al Karama,929.03,2026,366,14-01-2026 13.07,25000000,929.03,Land,Commercial
25000000,Wadi Al Amardi,14845.91,2026,2779,18-06-2026 8.13,25000000,14845.91,Land,Agricultural
25032795,Al Wasl,930.25,2026,1487,13-03-2026 11.34,25032795,930.25,Land,Residential
25033064,Al Wasl,930.26,2026,723,02-02-2026 13.02,25033064,930.26,Land,Residential
25149729,Al Warqa Fourth,15576.59,2026,2544,02-06-2026 9.51,25149729,15576.59,Land,Organizations
25208096,Um Suqaim Second,4258.02,2026,682,29-01-2026 10.28,25208096,4258.02,Land,Residential
25209323,Jumeirah First,1040.9,2026,1352,03-03-2026 9.44,25209323,1040.9,Land,Land
25240770,Al Barshaa South Third,3607.61,2026,1095,16-02-2026 12.21,25240770,3607.61,Land,Commercial
25546394,Nadd Hessa,4746.68,2026,712,02-02-2026 9.38,25546394,4746.68,Land,
25564451,Jumeirah Second,3166.69,2026,2344,12-05-2026 11.25,25564451,3166.69,Land,Residential
25611258,Al Mamzer,2643.74,2026,2458,20-05-2026 8.11,25611258,2643.74,Land,Commercial
25642102,Al Bada,4331.33,2026,57,05-01-2026 12.58,25642102,4331.33,Land,Commercial
25875016,Al Barsha First,1602.58,2026,2421,19-05-2026 10.00,25875016,1602.58,Land,
25886146,Nad Al Hamar,3006.13,2026,772,03-02-2026 10.28,25886146,3006.13,Land,Commercial
25918481,Um Al Sheif,2006.59,2026,815,04-02-2026 14.32,25918481,2006.59,Land,
25999964,Al Khabeesi,3716.12,2026,1669,30-03-2026 11.02,25999964,3716.12,Land,Commercial
25999964,Al Goze First,1858.06,2026,1388,05-03-2026 10.43,25999964,1858.06,Land,Commercial
26000000,Al Goze Industrial First,3531.62,2026,2362,13-05-2026 11.37,26000000,3531.62,Land,Industrial
26000000,Jumeirah First,2155.54,2026,489,20-01-2026 12.16,26000000,2155.54,Land,Residential
26000000,Jumeirah First,2401.54,2026,1229,24-02-2026 9.26,26000000,2401.54,Land,Residential
26147020,Oud Metha,2429.14,2026,2819,20-06-2026 8.46,26147020,2429.14,Land,Commercial
26273539,Al Jadaf,1435.82,2026,2325,12-05-2026 8.56,26273539,1435.82,Land,Commercial
26337207,Al Jadaf,1063.83,2026,2787,18-06-2026 10.37,26337207,1063.83,Land,Commercial
26439758,Al Barshaa South Second,5646.75,2026,2338,12-05-2026 10.50,26439758,5646.75,Land,Commercial
26439758,Al Barshaa South Second,5646.75,2026,388,15-01-2026 9.03,26439758,5646.75,Land,Commercial
26756634,Al Wasl,994.31,2026,1492,13-03-2026 20.40,26756634,994.31,Land,Residential
26773100,Al Jadaf,1151.53,2026,887,09-02-2026 10.25,26773100,1151.53,Land,Commercial
26868610,Al Warsan Third,12480.89,2026,492,20-01-2026 13.07,26868610,12480.89,Land,Agricultural
26927693,Jabal Ali Industrial Second,2382.54,2026,1231,24-02-2026 9.29,26927693,2382.54,Land,Commercial
26931649,Jabal Ali Industrial Second,2382.89,2026,1234,24-02-2026 9.38,26931649,2382.89,Land,Commercial
26944377,Hatta,25032.17,2026,1719,01-04-2026 8.14,26944377,25032.17,Land,School
27000000,Al Saffa First,3678.96,2026,2478,20-05-2026 15.48,27000000,3678.96,Land,Residential
27000000,Al Karama,929.03,2026,2925,25-06-2026 11.23,27000000,929.03,Land,Commercial
27000000,Al Warqa First,1465.92,2026,1908,13-04-2026 13.16,27000000,1465.92,Land,General Use
27000000,Mankhool,2879.44,2026,1035,12-02-2026 22.12,27000000,2879.44,Land,Commercial
27007189,Al Rowaiyah Second,13939.18,2026,344,14-01-2026 10.21,27007189,13939.18,Land,
27034837,Al Wasl,930.23,2026,2419,19-05-2026 8.34,27034837,930.23,Land,Residential
27035515,Al Satwa,1395.38,2026,2470,20-05-2026 11.08,27035515,1395.38,Land,
27097989,Al Barsha South Fourth,1573.43,2026,357,14-01-2026 11.40,27097989,1573.43,Land,Commercial
27393740,Um Suqaim Second,1272.47,2026,1133,17-02-2026 10.39,27393740,1272.47,Land,Government Housing
27482024,Al Karama,1823.69,2026,2151,27-04-2026 11.04,27482024,1823.69,Land,Commercial
27525472,Dubai Investment Park First,10228.81,2026,2971,26-06-2026 16.27,27525472,10228.81,Land,Commercial
27719970,Jumeirah Third,3678.96,2026,2083,22-04-2026 12.16,27719970,3678.96,Land,Residential
27738043,Mankhool,1982.27,2026,964,11-02-2026 11.58,27738043,1982.27,Land,Commercial
28000000,Al Warqa First,1399.12,2026,2661,09-06-2026 12.09,28000000,1399.12,Land,
28000000,Al Garhoud,4540.64,2026,2920,25-06-2026 10.59,28000000,4540.64,Land,Industrial
28000000,Palm Jumeirah,622.72,2026,2066,21-04-2026 12.53,28000000,622.72,Land,Commercial
28000000,Nad Al Hamar,1486.45,2026,2589,04-06-2026 8.38,28000000,1486.45,Land,Embassy
28000000,Al Raffa,807.14,2026,2447,19-05-2026 13.37,28000000,807.14,Land,Commercial
28000000,Al Warsan First,1999.93,2026,1420,09-03-2026 13.03,28000000,1999.93,Land,Commercial
28000000,Jumeirah First,1073.03,2026,2425,19-05-2026 10.42,28000000,1073.03,Land,Residential
28000000,Dubai Investment Park First,13185.36,2026,1663,30-03-2026 8.39,28000000,13185.36,Land,Commercial
28000000,Nad Al Shiba Fourth,4900.82,2026,2942,26-06-2026 8.45,28000000,4900.82,Land,Government Housing
28000000,Al Warqa First,1375.24,2026,2692,10-06-2026 17.26,28000000,1375.24,Land,Residential
28046859,Wadi Al Safa 5,2554.55,2026,1941,15-04-2026 10.55,28046859,2554.55,Land,Commercial
28306791,Wadi Al Safa 3,4045.83,2026,1573,23-03-2026 12.34,28306791,4045.83,Land,Residential
28320386,Al Suq Al Kabeer,992.85,2026,3014,30-06-2026 9.27,28320386,992.85,Land,General Use
28349960,Muhaisanah Fourth,2633.8,2026,607,26-01-2026 11.58,28349960,2633.8,Land,Commercial
28442357,Al Mamzer,3302.98,2026,2949,26-06-2026 9.46,28442357,3302.98,Land,Commercial
28499960,Al Mizhar First,5574.18,2026,2224,04-05-2026 10.17,28499960,5574.18,Land,Residential
28585474,Al Jadaf,1659.8,2026,2858,23-06-2026 15.05,28585474,1659.8,Land,Commercial
29039926,Al Jadaf,2248.25,2026,1885,10-04-2026 10.50,29039926,2248.25,Land,Commercial
29333884,Al Rowaiyah First,34065.12,2026,1226,24-02-2026 8.58,29333884,34065.12,Land,Residential
29615558,Al Jadaf,1310.18,2026,405,15-01-2026 10.55,29615558,1310.18,Land,Commercial
29839953,Wadi Al Safa 3,1848.15,2026,1932,14-04-2026 12.50,29839953,1848.15,Land,Residential
29850619,Wadi Al Amardi,30813.51,2026,2322,11-05-2026 14.30,29850619,30813.51,Land,Agricultural
29999958,Al Manara,2787.09,2026,2198,30-04-2026 12.15,29999958,2787.09,Land,Residential
30000000,Mirdif,6993.09,2026,2760,17-06-2026 10.17,30000000,6993.09,Land,Residential
30000000,Jumeirah Third,1335.95,2026,1425,09-03-2026 14.16,30000000,1335.95,Land,Residential
30000000,Al Warqa First,1517.85,2026,1680,30-03-2026 16.42,30000000,1517.85,Land,Commercial
30000000,Nad Al Shiba First,1490.26,2026,483,20-01-2026 11.12,30000000,1490.26,Land,Residential / Villas
30000000,Palm Jumeirah,657.63,2026,2197,30-04-2026 12.06,30000000,657.63,Land,Commercial
30000000,Al Murqabat,1492.3,2026,1699,31-03-2026 10.57,30000000,1492.3,Land,Commercial
30000000,Al Warqa First,1374.97,2026,2428,19-05-2026 11.09,30000000,1374.97,Land,Commercial
30000000,Al Karama,929.03,2026,363,14-01-2026 12.35,30000000,929.03,Land,Commercial
30000000,Al Manara,1375,2026,1450,10-03-2026 13.33,30000000,1374.96,Land,Residential
30000000,Dubai Investment Park Second,7800,2026,2789,18-06-2026 11.37,30000000,7800,Building,Building
30000000,Dubai Investment Park Second,7800,2026,2788,18-06-2026 10.49,30000000,7800,Building,Building
30000000,Dubai Investment Park Second,7774.51,2026,2792,18-06-2026 12.01,30000000,7774.51,Building,Building
30000000,Palm Jumeirah,622.38,2026,2196,30-04-2026 12.01,30000000,622.38,Land,Commercial
30000000,Al Raffa,976.04,2023,2669,13-01-2026 11.21,30000000,976.04,Land,Commercial
30000000,AL QUSAIS,1393.55,2026,647,27-01-2026 12.39,30000000,1393.55,Land,Residential
30083615,Al Qusais Industrial Fifth,2941.96,2026,1430,10-03-2026 9.04,30083615,2941.96,Land,Commercial
30109459,Al Hebiah Fourth,3108.07,2026,1358,03-03-2026 11.14,30109459,3108.07,Land,Residential Flats
30128920,Wadi Al Safa 3,2544.61,2026,1933,14-04-2026 12.58,30128920,2544.61,Land,Residential
30238970,Al Wasl,11237.18,2026,430,16-01-2026 9.07,30238970,11237.18,Land,School
30317063,Me'Aisem First,4694.25,2026,471,19-01-2026 16.42,30317063,4694.25,Land,Commercial
30354198,Wadi Al Safa 5,2820,2026,1521,16-03-2026 12.20,30354198,2820,Land,Commercial
30392033,Wadi Al Amardi,5647.03,2026,2410,18-05-2026 15.21,30392033,5647.03,Land,Shopping Mall
30813451,Al Rowaiyah First,15903.7,2026,644,27-01-2026 12.27,30813451,15903.7,Land,Residential
31000000,Al Hudaiba,4597.12,2026,2931,25-06-2026 12.39,31000000,4597.12,Land,Commercial
31000000,Mirdif,5549.75,2026,619,26-01-2026 13.30,31000000,5549.75,Land,Residential
31017592,Al Barshaa South Second,4968.33,2026,2101,23-04-2026 9.41,31017592,4968.33,Land,Commercial
31188280,Al Rowaiyah First,16097.16,2026,645,27-01-2026 12.30,31188280,16097.16,Land,Residential
31309180,Dubai Investment Park First,8079.78,2026,2309,11-05-2026 9.06,31309180,8079.78,Land,Commercial
31330026,Madinat Hind 1,3063.85,2026,346,14-01-2026 10.41,31330026,3063.85,Land,
31500000,Al Thanyah Fifth,1303.01,2026,550,22-01-2026 12.44,31500000,1303.01,Land,Commercial
31596352,Jabal Ali Industrial Third,2348.32,2026,477,20-01-2026 9.47,31596352,2348.32,Land,Residential
31614723,Jumeirah Second,1404.52,2026,2869,24-06-2026 11.46,31614722.63,1404.52,Unit,Flat
31632164,Jabal Ali Industrial Second,2671.57,2026,676,29-01-2026 7.46,31632164,2671.57,Land,Residential
31632164,Jabal Ali Industrial Second,2671.57,2026,2296,07-05-2026 14.19,31632164,2671.57,Land,Residential
31682060,Palm Deira,2354.69,2026,1134,17-02-2026 10.40,31682060,2354.69,Land,Residential
31807190,Palm Deira,2363.99,2026,792,04-02-2026 7.47,31807190,2363.99,Land,Commercial
31807325,Palm Deira,2364,2026,795,04-02-2026 8.20,31807325,2364,Land,Commercial
31807325,Palm Deira,2364,2026,1130,17-02-2026 9.38,31807325,2364,Land,Residential
31807325,Palm Deira,2364,2026,791,04-02-2026 7.43,31807325,2364,Land,Commercial
31807325,Palm Deira,2364,2026,1131,17-02-2026 9.40,31807325,2364,Land,Residential
31807728,Palm Deira,2364.03,2026,1065,16-02-2026 8.34,31807728,2364.03,Land,Residential
31808132,Palm Deira,2364.06,2026,789,04-02-2026 7.35,31808132,2364.06,Land,Commercial
31809693,Dubai Investment Park First,2955.22,2026,2169,28-04-2026 11.11,31809693,2955.22,Land,Commercial
31856569,Palm Deira,2367.66,2026,630,27-01-2026 8.22,31856569,2367.66,Land,Commercial
31865014,OUD AL MUTEENA,8458.17,2026,2081,22-04-2026 10.53,31865014,8458.17,Land,Residential
31887742,Jumeirah First,3485.26,2026,2855,23-06-2026 13.02,31887742,3485.26,Land,Residential
31910052,Al Barshaa South Second,5646.75,2026,2107,23-04-2026 10.09,31910052,5646.75,Land,Commercial
31910184,Ras Al Khor Industrial Second,8470.16,2026,1838,09-04-2026 9.17,31910184,8470.16,Land,Industrial
31977663,Palm Deira,2376.66,2026,1118,17-02-2026 9.11,31977663,2376.66,Land,Residential
31999955,Al Wasl,3716.12,2026,1981,17-04-2026 8.39,31999955,3716.12,Land,Residential
31999955,Jumeirah First,3716.11,2026,300,13-01-2026 12.04,31999955,3716.12,Land,Residential
32000000,Dubai Investment Park First,5625.65,2026,2474,20-05-2026 13.17,32000000,5625.65,Land,Commercial
32000000,Al Murqabat,1327.49,2026,1697,31-03-2026 10.38,32000000,1327.49,Land,Commercial
32005111,Palm Deira,2378.7,2026,1115,17-02-2026 9.01,32005111,2378.7,Land,Residential
32049512,Palm Deira,2382,2026,629,27-01-2026 8.18,32049512,2382,Land,Commercial
32049512,Palm Deira,2382,2026,1114,17-02-2026 8.58,32049512,2382,Land,Residential
32049512,Palm Deira,2382,2026,651,27-01-2026 13.51,32049512,2382,Land,Commercial
32049647,Palm Deira,2382.01,2026,650,27-01-2026 13.47,32049647,2382.01,Land,Commercial
32063236,Palm Deira,2383.02,2026,1063,16-02-2026 8.24,32063236,2383.02,Land,Residential
32063376,Wadi Al Safa 4,7446.97,2026,3005,30-06-2026 8.22,32063376,7446.97,Land,Residential
32090684,Palm Deira,2385.06,2026,1124,17-02-2026 9.24,32090684,2385.06,Land,Residential
32107960,Al Wasl,994.31,2026,442,16-01-2026 15.36,32107960,994.31,Land,Residential
32154079,Al Barshaa South Second,5150.37,2026,2104,23-04-2026 10.00,32154079,5150.37,Land,Commercial
32245910,Madinat Hind 3,9985.82,2026,1515,16-03-2026 11.26,32245910,9985.82,Land,Residential
32248644,Palm Deira,2396.8,2026,1125,17-02-2026 9.25,32248644,2396.8,Land,Residential
32284703,Palm Deira,2399.48,2026,717,02-02-2026 10.17,32284703,2399.48,Land,Commercial
32287394,Palm Deira,2399.68,2026,719,02-02-2026 10.34,32287394,2399.68,Land,Commercial
32291700,Palm Deira,2400,2026,762,03-02-2026 8.12,32291700,2400,Land,Commercial
32291700,Palm Deira,2400,2026,764,03-02-2026 8.30,32291700,2400,Land,Commercial
32291700,Palm Deira,2400,2026,766,03-02-2026 8.37,32291700,2400,Land,Commercial
32291700,Palm Deira,2400,2026,705,02-02-2026 8.38,32291700,2400,Land,Commercial
32291700,Palm Deira,2400,2026,759,03-02-2026 8.04,32291700,2400,Land,Commercial
32291700,Palm Deira,2400,2026,799,04-02-2026 8.30,32291700,2400,Land,Commercial
32291700,Palm Deira,2400,2026,768,03-02-2026 8.44,32291700,2400,Land,Commercial
32291700,Palm Deira,2400,2026,797,04-02-2026 8.24,32291700,2400,Land,Commercial
32291700,Palm Deira,2400,2026,1073,16-02-2026 9.32,32291700,2400,Land,Residential
32291700,Palm Deira,2400,2026,1062,16-02-2026 8.04,32291700,2400,Land,Residential
32291700,Palm Deira,2400,2026,1079,16-02-2026 9.49,32291700,2400,Land,Residential
32291700,Palm Deira,2400,2026,1121,17-02-2026 9.16,32291700,2400,Land,Residential
32291700,Palm Deira,2400,2026,634,27-01-2026 8.39,32291700,2400,Land,Commercial
32291700,Palm Deira,2400,2026,763,03-02-2026 8.25,32291700,2400,Land,Commercial
32291700,Palm Deira,2400,2026,638,27-01-2026 9.02,32291700,2400,Land,Commercial
32291700,Palm Deira,2400,2026,767,03-02-2026 8.40,32291700,2400,Land,Commercial
32291700,Palm Deira,2400,2026,633,27-01-2026 8.33,32291700,2400,Land,Commercial
32291700,Palm Deira,2400,2026,715,02-02-2026 10.14,32291700,2400,Land,Commercial
32291700,Palm Deira,2400,2026,714,02-02-2026 10.07,32291700,2400,Land,Commercial
32291700,Palm Deira,2400,2026,761,03-02-2026 8.10,32291700,2400,Land,Commercial
32291700,Palm Deira,2400,2026,765,03-02-2026 8.34,32291700,2400,Land,Commercial
32291700,Palm Deira,2400,2026,635,27-01-2026 8.43,32291700,2400,Land,Commercial
32291700,Palm Deira,2400,2026,636,27-01-2026 8.51,32291700,2400,Land,Commercial
32291700,Palm Deira,2400,2026,1122,17-02-2026 9.18,32291700,2400,Land,Residential
32291700,Palm Deira,2400,2026,798,04-02-2026 8.28,32291700,2400,Land,Commercial
32292104,Palm Deira,2400.03,2026,1066,16-02-2026 8.44,32292104,2400.03,Land,Residential
32330854,Palm Deira,2402.91,2026,1100,16-02-2026 13.47,32330854,2402.91,Land,Residential
32399942,Al Mamzer,2508.38,2026,967,11-02-2026 12.12,32399942,2508.38,Land,Commercial
32500025,Al Nahda First,2322.58,2026,973,11-02-2026 12.21,32500025,2322.58,Land,Commercial
32504502,Al Barshaa South Second,5206.5,2026,2103,23-04-2026 9.55,32504502,5206.5,Land,Commercial
32549092,Palm Deira,2419.13,2026,713,02-02-2026 9.56,32549092,2419.13,Land,Commercial
32559048,Palm Deira,2419.87,2026,1069,16-02-2026 9.11,32559048,2419.87,Land,Residential
32654578,Palm Deira,2426.97,2026,706,02-02-2026 8.52,32654578,2426.97,Land,Commercial
32735162,Jabal Ali Industrial Second,2413.65,2026,677,29-01-2026 8.05,32735162,2413.65,Land,Commercial
32779574,Palm Deira,2436.26,2026,1116,17-02-2026 9.05,32779574,2436.26,Land,Residential
32782668,Palm Deira,2436.49,2026,709,02-02-2026 9.07,32782668,2436.49,Land,Commercial
32789665,Palm Deira,2437.01,2026,1089,16-02-2026 11.41,32789665,2437.01,Land,Residential
32792760,Palm Deira,2437.24,2026,631,27-01-2026 8.26,32792760,2437.24,Land,Commercial
32795720,Palm Deira,2437.46,2026,1091,16-02-2026 11.54,32795720,2437.46,Land,Residential
32797334,Palm Deira,2437.58,2026,708,02-02-2026 9.03,32797334,2437.58,Land,Commercial
32808367,Palm Deira,2438.4,2026,632,27-01-2026 8.29,32808367,2438.4,Land,Commercial
32812404,Palm Deira,2438.7,2026,770,03-02-2026 8.57,32812404,2438.7,Land,Commercial
32812404,Palm Deira,2438.7,2026,1101,16-02-2026 13.52,32812404,2438.7,Land,Residential
32812404,Palm Deira,2438.7,2026,769,03-02-2026 8.53,32812404,2438.7,Land,Commercial
32823609,Um Suqaim Second,2541.18,2026,2825,22-06-2026 8.43,32823609,2541.18,Land,Residential
32857827,Al Suq Al Kabeer,872.17,2026,2672,09-06-2026 13.58,32857827,599.78,Land,Commercial
32936328,Jabal Ali Industrial Third,2353.76,2026,479,20-01-2026 9.53,32936328,2353.76,Land,Residential
32964578,Palm Deira,2450.01,2026,707,02-02-2026 9.01,32964578,2450.01,Land,Commercial
32993205,Palm Deira,2554.31,2026,306,13-01-2026 13.39,32993205,2554.31,Land,Commercial
33000000,Al Sabkha,349.63,2026,2467,20-05-2026 10.24,33000000,349.63,Land,Commercial
33000000,Al Raffa,1550.74,2026,2465,20-05-2026 9.41,33000000,1550.74,Land,Commercial
33000000,Al Suq Al Kabeer,602.48,2026,1010,12-02-2026 11.50,33000000,602.57,Land,Commercial
33000000,Al Bada,929.03,2026,2424,19-05-2026 10.33,33000000,929.03,Land,
33000000,Al Buteen,466.09,2026,2596,04-06-2026 11.53,33000000,466.09,Land,Commercial
33020637,Jabal Ali Industrial First,9439.14,2026,2271,06-05-2026 11.15,33020637,9439.14,Land,Commercial
33060000,Al Nahda First,3839.22,2026,1832,09-04-2026 8.20,33060000,3839.22,Land,Commercial
33098347,Al Jadaf,1708.3,2026,2043,20-04-2026 14.16,33098347,1708.3,Land,Commercial
33364350,Me'Aisem First,4132.87,2026,1550,18-03-2026 11.27,33364350,4132.87,Land,Residential Flats
33590133,Al Goze First,5673.87,2026,1692,31-03-2026 9.54,33590133,5673.87,Land,School
33591312,Al Khawaneej Second,10402.46,2026,1156,18-02-2026 12.41,33591312,10402.46,Land,Commercial
33688768,Al Jadaf,1304.08,2026,826,05-02-2026 10.25,33688768,1304.08,Land,Commercial
33808441,AL QUSAIS,6281.82,2026,2411,18-05-2026 15.30,33808441,6281.82,Land,
33850985,Palm Deira,2515.89,2026,1136,17-02-2026 10.44,33850985,2515.89,Land,Residential
33970707,Me'Aisem First,5009.5,2026,1429,10-03-2026 8.29,33970707,5009.5,Land,Commercial
33999952,Al Saffa First,3716.12,2026,2816,19-06-2026 11.56,33999952,3716.12,Land,Residential
34173270,Wadi Al Safa 2,3618.01,2026,400,15-01-2026 9.45,34173270,3618.01,Land,Residential
34349973,Um Suqaim Second,2127.48,2026,1400,05-03-2026 14.06,34349973,2127.48,Land,Residential
34507815,Jabal Ali Industrial Second,2671.57,2026,2295,07-05-2026 14.16,34507815,2671.57,Land,Residential
34641890,Al Jadaf,1609.17,2026,2848,23-06-2026 11.05,34641890,1609.17,Land,Commercial
34719907,Al Hebiah Second,2687.99,2026,1592,24-03-2026 7.56,34719907,2687.99,Land,Villa
34720036,Al Hebiah Second,2688,2026,1591,24-03-2026 7.54,34720036,2688,Land,Villa
34720036,Al Hebiah Second,2688,2026,1582,24-03-2026 7.34,34720036,2688,Land,Villa
34720036,Al Hebiah Second,2688,2026,1580,24-03-2026 7.27,34720036,2688,Land,Villa
34984505,Wadi Al Safa 3,2166.78,2026,917,10-02-2026 8.22,34984505,2166.78,Land,Residential
34998519,Al Satwa,1161.24,2026,146,07-01-2026 10.39,34998519,1161.24,Land,
35000000,Al Thanayah Fourth,1718.98,2026,2025,20-04-2026 10.24,35000000,1718.98,Land,Commercial
35000000,Um Suqaim Third,2768.51,2026,369,14-01-2026 13.39,35000000,2768.51,Land,Residential
35000000,Jumeirah First,2953.39,2026,1985,17-04-2026 9.11,35000000,2953.39,Land,Residential
35000000,Mirdif,5550.4,2026,2915,25-06-2026 10.36,35000000,5550.4,Land,Residential
35000000,Wadi Al Safa 2,2249.99,2026,1203,23-02-2026 11.31,35000000,2249.99,Land,
35000000,Mirdif,6846.07,2026,2921,25-06-2026 11.02,35000000,6846.07,Land,Residential
35000000,Jumeirah Third,3733.31,2026,157,07-01-2026 13.30,35000000,3733.31,Land,Residential
35000000,Al Wasl,929.63,2026,2253,05-05-2026 12.58,35000000,929.63,Land,Residential
35018088,Al Barsha First,2168.86,2026,1861,09-04-2026 13.41,35018088,2168.86,Land,Commercial
35520709,Saih Shuaib 2,4399.98,2026,652,27-01-2026 14.04,35520709,4399.98,Land,Industrial
35535878,Al Barshaa South Second,6288.37,2026,2108,23-04-2026 10.10,35535878,6288.37,Land,Commercial
35779462,Al Jadaf,1231.12,2026,2615,05-06-2026 11.03,35779462,1231.12,Land,Commercial
35828045,Al Khawaneej First,14793.5,2026,1760,03-04-2026 8.28,35828045,14793.5,Land,Residential
35999820,Nad Al Shiba First,2787.08,2026,2756,17-06-2026 9.04,35999820,2787.08,Land,Sports Club
36000000,Business Bay,878.21,2026,2149,27-04-2026 10.49,36000000,878.21,Unit,Flat
36152985,AL TWAR FIFTH,5167.27,2026,2168,28-04-2026 10.22,36152985,5167.27,Land,Commercial
36212181,Palm Deira,2691.38,2026,710,02-02-2026 9.09,36212181,2691.38,Land,Commercial
36272944,Me'Aisem First,6739.74,2026,2402,18-05-2026 12.23,36272944,6739.74,Land,Residential
36360209,Saih Shuaib 2,28149.81,2026,938,10-02-2026 13.13,36360209,28149.81,Land,Industrial
36384466,Saih Shuaib 2,28168.59,2026,2706,11-06-2026 14.58,36384466,28168.59,Land,Industrial
36722802,Jabal Ali Industrial Second,2891.24,2026,467,19-01-2026 13.29,36722802,2891.24,Land,Commercial
36982199,Madinat Hind 3,11452.54,2026,1513,16-03-2026 11.21,36982199,11452.54,Land,Residential
36991552,Al Hebiah Second,3124.21,2026,1599,24-03-2026 10.58,36991552,3124.21,Land,Land
37000000,Mirdif,4647.1,2026,268,12-01-2026 15.05,37000000,4647.1,Land,Residential
37214505,Al Hebiah Second,2881.12,2026,1589,24-03-2026 7.49,37214505,2881.12,Land,Villa
37225743,Al Hebiah Second,2881.99,2026,1590,24-03-2026 7.51,37225743,2881.99,Land,Villa
37357864,Palm Deira,2776.53,2026,1071,16-02-2026 9.24,37357864,2776.53,Land,Residential
37458157,Al Wasl,994.28,2026,1403,05-03-2026 15.50,37458157,994.28,Land,Residential
37651692,Al Jadaf,1748.98,2026,2526,01-06-2026 8.29,37651692,1748.98,Land,Commercial
37798404,Wadi Al Safa 3,2341.06,2026,916,10-02-2026 8.19,37798404,2341.06,Land,Residential
38000000,Al Ras,431.91,2026,370,14-01-2026 14.01,38000000,432.3,Land,Commercial
38000000,Um Hurair First,1000.38,2026,541,22-01-2026 9.45,38000000,1000.38,Land,Commercial
38027515,Burj Khalifa,1052.86,2026,2503,21-05-2026 15.04,38027515.19,1052.86,Unit,Flat
38236739,Al Goze Industrial First,6766.31,2026,1053,13-02-2026 11.15,38236739,6766.31,Land,Industrial
38429679,Palm Deira,2856.19,2026,790,04-02-2026 7.39,38429679,2856.19,Land,Commercial
38517764,Wadi Al Safa 4,7695.53,2026,1159,18-02-2026 12.49,38517764,7695.53,Land,Residential
38517764,Wadi Al Safa 4,7695.53,2026,2602,04-06-2026 13.37,38517764,7695.53,Land,Residential
38750040,Nad Al Hamar,3000,2026,2084,22-04-2026 12.19,38750040,3000,Land,Commercial
38750040,Palm Deira,2400,2026,800,04-02-2026 8.33,38750040,2400,Land,Commercial
38750040,Palm Deira,2400,2026,1139,17-02-2026 11.17,38750040,2400,Land,Residential
38750040,Palm Deira,2400,2026,801,04-02-2026 8.38,38750040,2400,Land,Commercial
38750040,Palm Deira,2400,2026,1137,17-02-2026 10.49,38750040,2400,Land,Residential
38881800,Al Barsha First,2006.8,2026,2450,19-05-2026 14.15,38881800,2006.8,Land,Commercial
39000000,Bukadra,6967.73,2026,2036,20-04-2026 12.09,39000000,6967.73,Land,Industrial
39036015,Jabal Ali Industrial Second,3022.14,2026,468,19-01-2026 13.33,39036015,3022.14,Land,Residential
39163890,Al Hebiah Second,3032.04,2026,1594,24-03-2026 8.22,39163890,3032.04,Land,Land
39174945,Palm Deira,2911.58,2026,794,04-02-2026 7.55,39174945,2911.58,Land,Commercial
39205461,Jabal Ali First,3642.33,2026,512,21-01-2026 10.32,39205461,3642.31,Land,Commercial
39365369,Al Barsha First,18285.83,2026,1261,24-02-2026 13.46,39365369,18285.83,Land,Industrial
39461491,Al Hebiah Second,3055.08,2026,1595,24-03-2026 8.42,39461491,3055.08,Land,Land
39484848,Nadd Hessa,2620.19,2026,1812,08-04-2026 10.19,39484848,2620.19,Land,Commercial
39625468,Al Goze Industrial Second,7362.66,2026,1417,09-03-2026 11.24,39625468,7362.66,Land,Industrial
39653965,Al Suq Al Kabeer,4911.97,2026,2593,04-06-2026 10.46,39653965,4911.97,Land,المباني التاريخية و الانشطة المتعلقة 
39759091,Al Hebiah Second,3078.12,2026,1596,24-03-2026 8.59,39759091,3078.12,Land,Villa
39999944,Al Manara,3716.12,2026,12,02-01-2026 10.37,39999944,3716.12,Land,Residential
39999944,Al Saffa First,7432.24,2026,1918,13-04-2026 14.45,39999944,7432.24,Land,Residential
39999944,Al Barsha Second,3716.12,2026,2569,03-06-2026 10.56,39999944,3716.12,Land,Commercial
40000000,Mankhool,1270.45,2026,2021,20-04-2026 9.46,40000000,1270.45,Land,
40000000,Al Murqabat,1257.91,2026,31,03-01-2026 13.54,40000000,1260.82,Land,Commercial
40000000,Al Warqa First,1858.05,2026,1620,25-03-2026 10.02,40000000,1858.05,Land,Residential Flats
40000000,Al Buteen,596.9,2026,50,05-01-2026 12.01,40000000,596.9,Land,Commercial
40000000,Al Aweer Second,35939.17,2026,2431,19-05-2026 11.19,40000000,35939.17,Land,Agricultural
40000000,Al Buteen,383.13,2026,2397,18-05-2026 8.06,40000000,383.13,Land,Commercial
40000000,Al Bada,5159.65,2026,1407,06-03-2026 13.24,40000000,5159.65,Land,Commercial
40000000,Al Rega,542.37,2026,258,12-01-2026 12.36,40000000,542.37,Land,Commercial
40000000,Al Suq Al Kabeer,522.58,2026,1913,13-04-2026 14.23,40000000,522.58,Land,
40000000,Al Hudaiba,4153.23,2026,1283,25-02-2026 13.14,40000000,4153.23,Land,
40000000,Al Nahda Second,1393.55,2026,2446,19-05-2026 13.26,40000000,1393.55,Land,Commercial
40056691,Al Hebiah Second,3101.16,2026,1598,24-03-2026 10.55,40056691,3101.16,Land,Land
40325014,Al Karama,3746.32,2026,2069,21-04-2026 14.54,40325014,3746.32,Land,Commercial
40387364,Nad Al Hamar,3001.69,2026,1673,30-03-2026 13.41,40387364,3001.69,Land,Commercial
40474955,AL QUSAIS,18801.25,2026,1167,19-02-2026 11.04,40474955,18801.25,Land,Commercial
40687154,Al Jadaf,2099.98,2026,1677,30-03-2026 14.06,40687154,2099.98,Land,Commercial
40687154,Al Jadaf,2099.98,2026,1752,02-04-2026 13.34,40687154,2099.98,Land,Commercial
40949901,Mankhool,2717.41,2026,1204,23-02-2026 11.31,40949901,2717.41,Land,
41046133,Al Nahda Second,8028,2026,250,12-01-2026 11.00,41046133,8028.03,Land,Commercial
41441015,Al Aweer First,11000.68,2026,732,02-02-2026 13.08,41441015,11000,Land,
41477881,Al Barsha First,2568.95,2026,907,09-02-2026 13.48,41477881,2568.95,Land,Commercial
41690135,Al Khawaneej First,4841.43,2026,614,26-01-2026 12.22,41690135,4841.43,Land,
41722087,Palm Deira,3100.89,2026,757,03-02-2026 7.55,41722087,3100.89,Land,Commercial
41749336,Naif,2770.46,2026,2073,22-04-2026 9.49,41749336,2770.46,Land,Residential
41787221,Wadi Al Safa 4,2918.92,2026,255,12-01-2026 11.48,41787221,2918.92,Land,Residential
42000000,Jumeirah Second,2507.08,2026,2549,02-06-2026 12.35,42000000,2507.08,Land,Residential
42038449,Madinat Hind 1,3063.14,2026,355,14-01-2026 11.32,42038449,3063.14,Land,
42051535,Al Barshaa South Third,5140.42,2026,738,02-02-2026 13.49,42051535,5140.42,Land,Residential
42442434,Mankhool,2628.69,2026,1579,23-03-2026 16.47,42442434,2628.69,Land,
42499941,Al Wasl,4645.15,2026,2509,21-05-2026 23.10,42499941,4645.15,Land,Residential
42526748,Nad Al Shiba First,3292.39,2026,1571,23-03-2026 11.56,42526748,3292.39,Land,Commercial
42573302,Al Manara,3595.63,2026,1927,14-04-2026 11.17,42573302,3595.63,Land,Residential
42641292,Al Twar First,6094.63,2026,1008,12-02-2026 11.15,42641292,6094.63,Land,General Use
42641292,Al Twar First,6094.63,2026,407,15-01-2026 11.18,42641292,6094.63,Land,General Use
42699961,Al Raffa,3966.96,2026,1308,26-02-2026 12.55,42699961,3966.96,Land,Commercial
42817443,Al Warsan Third,24108.33,2026,404,15-01-2026 10.48,42817443,24108.33,Land,Warehouse
43301598,Al Barsha South Fourth,1828.57,2026,360,14-01-2026 12.01,43301598,1828.57,Land,Commercial
43389117,Me'Aisem First,5598.59,2026,1796,07-04-2026 8.57,43389117,5598.59,Land,Commercial
43391972,Um Suqaim Third,5375,2026,2598,04-06-2026 12.51,43391972,5375,Land,Residential
43541967,Al Goze Industrial Third,4494.65,2026,2245,05-05-2026 11.05,43541967,4494.65,Land,Commercial
43708296,Palm Deira,3248.51,2026,758,03-02-2026 8.00,43708296,3248.51,Land,Commercial
43831333,Al Nahda First,5817.24,2026,1169,19-02-2026 12.00,43831333,5817.24,Land,
43952633,Nadd Hessa,2958.94,2026,1814,08-04-2026 10.27,43952633,2958.94,Land,Commercial
43968800,Al Twar First,6007.11,2026,2838,22-06-2026 13.04,43968800,6007.11,Land,Commercial / Offices / Residential
44249480,Al Barsha South Fourth,1835.23,2026,2784,18-06-2026 9.24,44249480,1835.23,Land,Commercial
44485988,Palm Deira,3306.31,2026,760,03-02-2026 8.07,44485988,3306.31,Land,Commercial
44495035,Hadaeq Sheikh Mohammed Bin Rashid,10334.32,2026,1815,08-04-2026 11.06,44495035,10334.32,Land,Commercial
44542081,Al Jafliya,11034.93,2026,2373,14-05-2026 11.55,44542081,11034.93,Land,Commercial
44718999,Al Rowaiyah First,5539.38,2026,986,12-02-2026 8.07,44718999,5539.38,Land,Residential
44868962,Wadi Al Safa 4,2925.24,2026,254,12-01-2026 11.43,44868962,2925.24,Land,Residential
44999991,Al Wasl,2090.32,2026,98,06-01-2026 13.00,44999991,2090.32,Land,Commercial
45000000,Palm Jumeirah,1365.63,2026,627,26-01-2026 23.21,45000000,1365.63,Land,Commercial
45000000,Al Goze First,3716.12,2026,1199,23-02-2026 9.58,45000000,3716.12,Land,Commercial
45000000,Al Thanayah Fourth,1895.59,2026,2548,02-06-2026 12.10,45000000,1895.59,Land,Commercial
45000000,Al Thanayah Fourth,1619.12,2026,1020,12-02-2026 13.09,45000000,1619.12,Land,Commercial
45236194,Dubai Investment Park First,10506.46,2026,1309,26-02-2026 12.57,45236194,10506.46,Land,Commercial
45330895,Al Rowaiyah Second,21056.91,2026,845,05-02-2026 14.29,45330895,21056.91,Land,School
45599895,Jumeirah First,2229.67,2026,1320,27-02-2026 9.20,45599895,2229.67,Land,Residential
46234244,Madinat Hind 1,5924.56,2026,345,14-01-2026 10.34,46234244,5924.56,Land,
46500048,Nad Al Hamar,2880,2026,974,11-02-2026 12.22,46500048,2880,Land,Commercial
46721892,Um Suqaim First,2893.74,2026,1601,24-03-2026 11.11,46721892,2893.74,Land,Residential
46980096,Madinat Hind 1,5195.95,2026,349,14-01-2026 10.59,46980096,5195.95,Land,
46998374,Al Hebiah Second,14554.32,2026,1250,24-02-2026 12.20,46998374,14554.32,Land,Land
47000000,Um Hurair Second,2125.16,2026,319,13-01-2026 15.04,47000000,2125.16,Land,Commercial
47311857,Al Warqa Third,9555.26,2026,2406,18-05-2026 13.33,47311857,9555.26,Land,
47377521,Mirdif,4401.52,2026,1909,13-04-2026 13.57,47377521,4401.52,Land,
47866762,Jumeirah First,3705.81,2026,2273,06-05-2026 11.25,47866762,3705.81,Land,Residential
48121058,World Islands,40641.79,2026,1076,16-02-2026 9.40,48121058,40641.79,Land,Commercial
48213489,Al Satwa,2799.49,2026,2455,19-05-2026 14.36,48213489,2799.49,Land,Commercial
48383408,Nadd Hessa,2644.1,2026,1813,08-04-2026 10.22,48383408,2644.1,Land,Commercial
48436517,Wadi Al Amardi,37499.2,2026,807,04-02-2026 10.26,48436517,37499.2,Land,Commercial
48448314,Mankhool,3215,2026,2805,18-06-2026 18.10,48448314,3215,Land,Commercial
48573364,Nadd Hessa,2694.1,2026,1811,08-04-2026 10.17,48573364,2694.1,Land,Commercial
48587303,Palm Deira,3611.13,2026,1129,17-02-2026 9.34,48587303,3611.13,Land,Residential
48799971,Um Hurair Second,4533.67,2026,3018,30-06-2026 10.33,48799971,4533.67,Land,Commercial
48999931,Al Goze Fourth,6503.21,2026,2147,27-04-2026 10.43,48999931,6503.21,Land,Commercial
49057877,Al Warsan Third,26809.59,2026,521,21-01-2026 11.42,49057877,26809.59,Land,Residential / Villas
49137548,Al Barshaa South Third,5706.29,2026,737,02-02-2026 13.43,49137548,5706.29,Land,Residential
49177756,Al Mamzer,16613.7,2026,1143,17-02-2026 12.33,49177756,16613.7,Land,Sports Club
49184377,Wadi Al Safa 4,7771.06,2026,1160,18-02-2026 12.53,49184377,7771.06,Land,Residential
49184377,Wadi Al Safa 4,7771.06,2026,2603,04-06-2026 13.41,49184377,7771.06,Land,Residential
49189805,Al Rowaiyah Second,25388.26,2026,834,05-02-2026 11.19,49189805,25388.26,Land,
49212715,Dubai Investment Park First,3503.46,2026,2307,11-05-2026 8.21,49212715,3503.46,Land,Commercial
49483510,Mankhool,6567.39,2026,1144,17-02-2026 13.49,49483510,6567.39,Land,Residential Flats
49607586,Al Karama,2710.63,2026,2697,11-06-2026 9.55,49607586,2711,Land,
49967638,Palm Deira,3713.72,2026,1084,16-02-2026 10.15,49967638,3713.72,Land,Residential
50000000,AL TWAR FIFTH,2369.03,2026,2449,19-05-2026 14.04,50000000,2369.03,Land,Commercial
50000000,Al Nahda Second,1393.55,2026,1668,30-03-2026 10.02,50000000,1393.55,Land,Commercial
50000000,Al Goze Fourth,2973.29,2026,2288,07-05-2026 12.01,50000000,2973.29,Land,Land
50000000,Al Goze Fourth,2973.32,2026,2287,07-05-2026 11.39,50000000,2973.32,Land,Land
50000000,Palm Jumeirah,1245.27,2026,2653,09-06-2026 9.36,50000000,1245.27,Land,Commercial
50000000,AL QUSAIS,1687.12,2026,1971,16-04-2026 13.55,50000000,1687.12,Land,Commercial
50000000,Ras Al Khor Industrial First,7432.24,2026,2680,10-06-2026 8.45,50000000,7432.24,Land,Warehouse
50041640,Palm Deira,3719.22,2026,1126,17-02-2026 9.28,50041640,3719.22,Land,Residential
51151942,Wadi Al Safa 2,4416.52,2026,506,21-01-2026 8.27,51151942,4416.52,Land,Residential
51479805,Al Karama,3678.95,2026,1044,13-02-2026 9.12,51479805,3678.95,Land,
51999927,Port Saeed,3716.12,2026,1037,13-02-2026 8.01,51999927,3716.12,Land,Residential
52000000,Al Saffa Second,4130,2026,1869,09-04-2026 15.11,52000000,4130,Land,Residential
52000000,Al Barsha First,1096.26,2026,1255,24-02-2026 13.00,52000000,1096.26,Land,Commercial
52006267,Um Suqaim Third,6442.06,2026,2986,29-06-2026 10.44,52006267,6442.06,Land,Residential
52359743,Bukadra,1737.28,2026,2048,21-04-2026 7.53,52359743,1737.28,Land,Sports Club
52415995,Al Garhoud,4869.61,2026,169,08-01-2026 10.37,52415995,4869.61,Land,Industrial
52691565,World Islands,46621.06,2026,1042,13-02-2026 8.58,52691565,46621.06,Land,Commercial
53305966,Al Jadaf,2706.17,2026,1675,30-03-2026 14.02,53305966,2706.17,Land,Commercial
53729934,Al Goze Industrial Third,16638.93,2026,1956,16-04-2026 10.32,53729934,16638.93,Land,Industrial
53732829,Wadi Al Safa 2,3839.96,2026,416,15-01-2026 15.29,53732829,3839.96,Land,Residential
54000000,Al Murqabat,966.19,2026,2534,01-06-2026 10.56,54000000,966.19,Land,Commercial
54000000,Al Barsha South Fourth,2169.67,2026,642,27-01-2026 11.57,54000000,2169.67,Land,Residential
54000118,Jumeirah Third,5574.2,2026,2349,12-05-2026 12.01,54000118,5574.2,Land,
54119953,Um Suqaim First,9141.66,2026,690,29-01-2026 16.29,54119953,9141.66,Land,Residential
54210014,Marsa Dubai,2518.14,2026,84,06-01-2026 8.48,54210014,2518.14,Land,Residential Flats
54240256,World Islands,43818.17,2026,1045,13-02-2026 9.51,54240256,43818.17,Land,Commercial
54516188,World Islands,46042.95,2026,1048,13-02-2026 10.09,54516188,46042.95,Land,Commercial
54907192,Palm Deira,4080.84,2026,1127,17-02-2026 9.30,54907192,4080.84,Land,Residential
55000000,Jumeirah First,1735.21,2026,2701,11-06-2026 12.03,55000000,1735.21,Land,Government Housing
55000000,Nad Al Hamar,2972.9,2026,2085,22-04-2026 12.28,55000000,2972.9,Land,
55000000,Saih Shuaib 2,4253.01,2026,1056,13-02-2026 11.50,55000000,4253.01,Land,Industrial
55000000,Um Suqaim First,5908.63,2026,1476,12-03-2026 15.28,55000000,5908.63,Land,Residential
55000000,Al Murqabat,1212.66,2026,2064,21-04-2026 12.30,55000000,1212.66,Land,Commercial
55000000,Me'Aisem First,1845.13,2026,1942,15-04-2026 11.12,55000000,1845.13,Land,Commercial
55004026,Al Mamzer,3842.14,2026,2839,22-06-2026 13.37,55004026,3842.14,Land,Residential Flats
55054980,Al Sabkha,929.96,2026,2561,03-06-2026 8.28,55054980,929.96,Land,Commercial
55349879,World Islands,51421.77,2026,1080,16-02-2026 9.50,55349879,51421.77,Land,Commercial
55908109,World Islands,47218.53,2026,1081,16-02-2026 9.53,55908109,47218.53,Land,Commercial
56000000,Jumeirah Second,2949.58,2026,2285,07-05-2026 10.29,56000000,2949.58,Land,Residential
56018246,Al Hebiah Second,9293.34,2026,381,15-01-2026 8.23,56018246,9293.34,Land,Land
56126769,Al Aweer First,14898.15,2026,3001,29-06-2026 16.11,56126769,14898.15,Land,Shopping Mall
56495607,Al Rowaiyah First,8397.79,2026,1004,12-02-2026 10.12,56495607,8397.79,Land,Residential
56557936,Bukadra,2594.77,2026,1648,26-03-2026 12.58,56557936,2594.77,Land,Sports Club
56795947,Wadi Al Safa 3,10346.1,2026,741,02-02-2026 14.21,56795947,10346.12,Land,Government Housing
57066428,Al Warsan Third,29453.61,2026,517,21-01-2026 11.29,57066428,29453.61,Land,Agricultural
57100347,Saih Shuaib 1,53048.01,2026,1374,04-03-2026 11.32,57100347,53048.01,Land,Land
57256970,Jabal Ali Industrial First,40918.09,2026,2422,19-05-2026 10.02,57256970,40918.09,Land,Industrial
57491077,Dubai Investment Park First,17803.67,2026,2268,06-05-2026 9.59,57491077,17803.67,Land,Commercial
57683203,World Islands,51037.62,2026,1077,16-02-2026 9.44,57683203,51037.62,Land,Commercial
58135689,Palm Deira,4320.79,2026,1096,16-02-2026 12.27,58135689,4320.79,Land,Residential
58199977,Al Saffa First,7209.28,2026,1839,09-04-2026 9.43,58199977,7209.28,Land,Residential
58262918,World Islands,49207.34,2026,1074,16-02-2026 9.33,58262918,49207.34,Land,Commercial
58606120,Jabal Ali Industrial Second,3202.76,2026,1235,24-02-2026 9.43,58606120,3202.76,Land,Commercial
58949951,Al Barsha First,3651.09,2026,1461,11-03-2026 14.58,58949951,3651.09,Land,Exhbition Center
59313174,Al Hebiah Second,2687.99,2026,1587,24-03-2026 7.46,59313174,2687.99,Land,Villa
59313174,Al Hebiah Second,2687.99,2026,1584,24-03-2026 7.37,59313174,2687.99,Land,Villa
59313395,Al Hebiah Second,2688,2026,1586,24-03-2026 7.44,59313395,2688,Land,Villa
59313395,Al Hebiah Second,2688,2026,1585,24-03-2026 7.41,59313395,2688,Land,Villa
59994104,Al Barshaa South Third,5573.64,2026,1622,25-03-2026 10.19,59994104,5573.64,Land,Residential
59999270,Al Wasl,1858.04,2026,812,04-02-2026 12.37,59999270,1858.04,Land,Commercial
59999916,Al Barsha First,4645.15,2026,187,08-01-2026 15.27,59999916,4645.15,Land,General Authority
59999916,Al Goze First,1858.06,2026,1458,11-03-2026 12.17,59999916,1858.06,Land,Commercial
59999916,Al Raffa,4645.15,2026,1619,25-03-2026 9.58,59999916,4645.15,Land,Commercial
59999916,Al Garhoud,7432.24,2026,546,22-01-2026 10.44,59999916,7432.24,Land,Commercial
60000000,Al Barsha South Fourth,2628.52,2026,269,12-01-2026 15.15,60000000,2628.52,Land,Residential
60000000,Al Goze Industrial First,19073.02,2026,2930,25-06-2026 12.21,60000000,19073.02,Land,Industrial
60000000,Al Qusais Industrial Fourth,1337.99,2026,1032,12-02-2026 21.32,60000000,1337.99,Land,Commercial
60130988,Al Rowaiyah First,18621.19,2026,1404,06-03-2026 8.21,60130988,18621.19,Land,Residential
60610041,Palm Deira,4504.69,2026,793,04-02-2026 7.49,60610041,4504.69,Land,Commercial
60967879,World Islands,51491.88,2026,1078,16-02-2026 9.47,60967879,51491.88,Land,Commercial
61160399,Jabal Ali Industrial Second,2525.33,2026,1236,24-02-2026 9.51,61160399,2525.33,Land,Commercial
61544519,World Islands,54454.08,2026,1049,13-02-2026 10.14,61544519,54454.08,Land,Commercial
61562915,Palm Deira,4575.51,2026,1099,16-02-2026 13.40,61562915,4575.51,Land,Residential
61572457,Al Jadaf,3177.93,2026,150,07-01-2026 11.15,61572457,3177.93,Land,Commercial
61604697,Al Aweer First,95387.82,2026,2427,19-05-2026 10.53,61604697,95387.82,Land,Agricultural
61863535,Jabal Ali Industrial First,19157.72,2026,1794,07-04-2026 8.35,61863535,19157.72,Land,Industrial
61879874,Al Barsha First,4106.31,2026,233,09-01-2026 17.27,61879874,4106.31,Land,Commercial
62000000,Um Ramool,2526.03,2026,2439,19-05-2026 12.31,62000000,2526.03,Land,Industrial
62000322,Wadi Al Safa 2,4800.02,2026,2170,30-04-2026 15.02,62000322,4800.02,Land,Residential
62005984,Palm Deira,4608.44,2026,1128,17-02-2026 9.32,62005984,4608.44,Land,Residential
62050224,Al Khairan First,28823.3,2026,1472,12-03-2026 11.29,62050224,28823.3,Land,Residential
62333149,Wadi Al Safa 3,17032.19,2026,893,09-02-2026 11.54,62333149,17032.19,Land,School
62525934,Al Warqa First,11617.71,2026,3033,30-06-2026 13.40,62525934,11617.71,Land,Commercial
62786555,Al Barshaa South Third,8771.53,2026,608,26-01-2026 12.04,62786555,8771.53,Land,Residential
63085866,Saih Aldahal,97681.24,2026,1762,03-04-2026 12.14,63085866,97681.24,Land,Government Housing
63254274,Al Hebiah Second,4897.1,2026,1593,24-03-2026 8.04,63254274,4897.1,Land,Land
63575000,Al Hebiah Second,2881.13,2026,1588,24-03-2026 7.49,63575000,2881.13,Land,Villa
63577449,Al Goze First,19688.48,2026,2292,07-05-2026 12.40,63577449,19688.48,Land,Industrial
63593977,Al Hebiah Second,2881.99,2026,1583,24-03-2026 7.34,63593977,2881.99,Land,Villa
63973571,Al Rowaiyah First,7924.46,2026,1003,12-02-2026 10.06,63973571,7924.46,Land,Residential
63979190,Wadi Al Safa 2,19812.89,2026,912,10-02-2026 7.45,63979190,19812.89,Land,Residential
63999921,Al Rowaiyah Third,59457.93,2026,1966,16-04-2026 12.05,63999921,59457.93,Land,
64100370,Palm Deira,4764.1,2026,787,04-02-2026 7.23,64100370,4764.1,Land,Commercial
64300482,Jabal Ali First,4266.94,2026,1703,31-03-2026 19.24,64300482,4266.94,Land,Commercial
64301235,Jabal Ali First,4266.94,2026,1270,25-02-2026 9.55,64301235,4266.99,Land,Commercial
64354958,Saih Shuaib 2,34164.44,2026,915,10-02-2026 8.13,64354958,34164.44,Land,Industrial
64753981,Al Rowaiyah First,8021.13,2026,1001,12-02-2026 9.40,64753981,8021.13,Land,Residential
64791468,World Islands,32536.92,2026,1023,12-02-2026 13.17,64791468,32536.92,Land,Commercial
65000000,Jumeirah Second,6017.7,2026,220,09-01-2026 9.54,65000000,6017.7,Land,Residential
65000000,Nad Al Shiba First,1858.05,2026,496,20-01-2026 13.28,65000000,1858.05,Land,Sports Club
65000000,Al Barsha First,1355.64,2026,538,21-01-2026 18.04,65000000,1355.64,Land,Residential
65000000,Port Saeed,1970.29,2026,1090,16-02-2026 11.43,65000000,1970.29,Land,Commercial
65166184,Al Goze Industrial First,24216.57,2026,1369,04-03-2026 10.36,65166184,24216.57,Land,Industrial
65262139,Madinat Hind 1,28871.7,2026,351,14-01-2026 11.14,65262139,28871.7,Land,
65554315,Al Barsha South Fourth,2255.63,2026,2305,08-05-2026 18.02,65554315,2255.63,Land,Commercial
65761563,Ras Al Khor Industrial First,2221.62,2026,2047,21-04-2026 7.40,65761563,2221.62,Land,Commercial
65890487,World Islands,81619.1,2026,1050,13-02-2026 10.18,65890487,81619.1,Land,Commercial
66305624,Wadi Al Safa 3,5600,2026,2688,10-06-2026 13.33,66305624,5600,Land,Land
66402973,Palm Jabal Ali,2937.64,2026,14,02-01-2026 11.13,66402973,2937.64,Land,Commercial
66490782,Wadi Al Safa 4,3050.47,2026,1778,06-04-2026 11.43,66490782,3050.47,Land,Residential
66526230,World Islands,61804.95,2026,1072,16-02-2026 9.26,66526230,61804.95,Land,Commercial
66818761,Wadi Al Safa 3,10346.1,2026,802,04-02-2026 8.42,66818761,10346.12,Land,Government Housing
67116333,Muhaisanah Second,47963.98,2026,342,14-01-2026 10.14,67116333,47963.98,Land,School
67549790,Al Warsan Third,19016.93,2026,2595,04-06-2026 11.52,67549790,19016.93,Land,
67869090,Wadi Al Safa 4,14011.63,2026,2601,04-06-2026 13.20,67869090,14011.63,Land,Residential
67869090,Wadi Al Safa 4,14011.63,2026,1157,18-02-2026 12.43,67869090,14011.63,Land,Residential
67870271,World Islands,45038.29,2026,1014,12-02-2026 12.30,67870271,45038.29,Land,Commercial
68000000,Al Garhoud,1858.06,2026,2423,19-05-2026 10.23,68000000,1858.06,Land,Commercial
68000000,Al Barsha First,8709.66,2026,241,12-01-2026 8.06,68000000,8709.66,Land,Commercial
68857476,Al Jafliya,2558.83,2026,2460,20-05-2026 8.26,68857476,2558.83,Land,Commercial / Offices / Residential
69173665,Palm Deira,5141.16,2026,788,04-02-2026 7.32,69173665,5141.16,Land,Commercial
69223556,Nad Al Shiba First,4287.39,2026,1379,04-03-2026 12.58,69223556,4287.39,Land,Commercial
69817615,Palm Deira,5189.02,2026,704,02-02-2026 8.30,69817615,5189.02,Land,Commercial
69876849,Nad Al Hamar,43278.52,2026,507,21-01-2026 8.45,69876849,43278.52,Land,
70000000,Naif,950.03,2026,2463,20-05-2026 8.53,70000000,950.03,Land,Commercial
70000000,Muhaisanah Fourth,1932.38,2026,2437,19-05-2026 12.04,70000000,1932.38,Land,Commercial
70000000,Naif,1072.84,2026,2462,20-05-2026 8.44,70000000,1072.84,Land,Commercial
70000000,Al Jadaf,1439.9,2026,1294,26-02-2026 10.08,70000000,1439.9,Land,Commercial
70000000,Jumeirah Second,3716.12,2026,356,14-01-2026 11.37,70000000,3716.12,Land,Residential
71897328,World Islands,47710.62,2026,1024,12-02-2026 13.21,71897328,47710.62,Land,Commercial
72000000,Mankhool,1404.69,2026,1034,12-02-2026 22.02,72000000,1404.69,Land,Commercial
72007100,Al Hebiah Second,22298.95,2026,380,15-01-2026 8.20,72007100,22298.95,Land,Land
72294658,Nad Al Hamar,3088,2026,1701,31-03-2026 12.53,72294658,3088,Land,Commercial
72836728,Naif,3866.72,2026,2323,11-05-2026 15.39,72836728,3866.72,Land,Residential
73075148,Mankhool,4526.14,2026,859,06-02-2026 9.03,73075148,4525.94,Land,Commercial
73651943,Nad Al Shiba First,8553.12,2026,510,21-01-2026 10.07,73651943,8553.12,Land,Sports Club
73712918,World Islands,52678.16,2026,1013,12-02-2026 12.18,73712918,52678.16,Land,Commercial
73731542,Wadi Al Safa 3,7610.99,2026,982,11-02-2026 14.31,73731542,7610.99,Land,Residential
73990736,Al Raffa,5287.67,2026,2310,11-05-2026 9.23,73990736,5287.67,Land,Commercial
74509384,Al Merkadh,4614.77,2026,1511,16-03-2026 11.01,74509384,4614.77,Land,
74532021,Um Suqaim First,8393.05,2026,1148,17-02-2026 15.25,74532021,8393.04,Land,Residential
74682392,Bukadra,17345.57,2026,1262,24-02-2026 14.21,74682392,17345.57,Land,Sports Club
75000000,Al Nahda Second,2707.57,2026,876,07-02-2026 11.23,75000000,2707.57,Land,Commercial
75000000,Al Muteena,9365.46,2026,2694,11-06-2026 8.12,75000000,9365.46,Land,Commercial
75000000,Nad Al Shiba First,1490.26,2026,2383,14-05-2026 15.09,75000000,1490.26,Land,Residential / Villas
75000000,Al Garhoud,2989.16,2026,267,12-01-2026 14.57,75000000,2989.16,Land,Commercial
75000000,Al Wasl,1858.04,2026,545,22-01-2026 10.29,75000000,1858.04,Land,Commercial
75381561,Dubai Investment Park First,25466.12,2026,2230,04-05-2026 11.56,75381561,25466.12,Land,Commercial
75446728,World Islands,50065.98,2026,990,12-02-2026 9.11,75446728,50065.98,Land,Commercial
75607412,Nad Al Shiba First,13508.01,2026,335,14-01-2026 8.44,75607412,13508.01,Land,Sports Club
75649464,World Islands,70280.72,2026,1041,13-02-2026 8.49,75649464,70280.72,Land,Commercial
75898950,Hor Al Anz East,7051.25,2026,1140,17-02-2026 11.30,75898950,7051.25,Land,Commercial
75903169,Bukadra,2712.17,2026,2566,03-06-2026 9.15,75903169,2712.17,Land,Sports Club
76212362,Um Suqaim Second,10114.81,2026,2124,26-04-2026 18.20,76212362,10114.81,Land,Commercial
76287419,World Islands,70873.4,2026,1040,13-02-2026 8.38,76287419,70873.4,Land,Commercial
76845721,Palm Jabal Ali,2974.67,2026,16,02-01-2026 11.16,76845721,2974.67,Land,Commercial
77153617,Al Bada,5734.25,2026,796,04-02-2026 8.23,77153617,5734.25,Land,Commercial
77182732,World Islands,75479.13,2026,1070,16-02-2026 9.22,77182732,75479.13,Land,Commercial
77632169,Al Warsan Third,48081.81,2026,406,15-01-2026 11.13,77632169,48081.81,Land,Warehouse
77762009,Al Barshaa South Third,5557.18,2026,149,07-01-2026 11.12,77762009,5557.18,Land,Residential
78000000,Al Bada,2072.48,2026,569,23-01-2026 10.18,78000000,2072.48,Land,Commercial
78000000,Saih Shuaib 2,60446.99,2026,2809,19-06-2026 9.24,78000000,60446.99,Land,Industrial
78108273,World Islands,72565.03,2026,1046,13-02-2026 10.02,78108273,72565.03,Land,Commercial
78186924,Ras Al Khor Industrial First,2686.2,2026,728,02-02-2026 12.41,78186924,2690.3,Land,Commercial
78421125,Al Merkadh,4553.48,2026,1910,13-04-2026 14.05,78421125,4553.48,Land,
78502334,Al Jadaf,5834.49,2026,271,12-01-2026 15.23,78502334,5834.49,Land,Commercial
78581981,Al Hudaiba,6083.76,2026,1322,27-02-2026 10.26,78581981,6083.76,Land,
78665928,Al Satwa,4429.28,2026,1345,02-03-2026 12.32,78665928,4429.28,Land,Commercial
78665940,Al Satwa,4429.28,2026,2315,11-05-2026 11.32,78665940,4429.28,Land,Commercial
79343532,Palm Deira,5897.01,2026,703,02-02-2026 8.26,79343532,5897.01,Land,Commercial
79748874,Bukadra,2469.64,2026,3035,30-06-2026 14.46,79748874,2469.64,Land,Sports Club
79994212,Nad Al Shiba First,13636.17,2026,334,14-01-2026 8.41,79994212,13636.17,Land,Sports Club
80000000,Al Murqabat,2165.85,2026,1920,13-04-2026 14.55,80000000,2165.85,Land,Residential
80000000,Jumeirah First,6408.73,2026,1258,24-02-2026 13.16,80000000,6408.73,Land,Residential
80000000,Al Hamriya,2090.32,2026,2436,19-05-2026 11.47,80000000,2090.32,Land,Commercial
80000000,Al Raffa,3449.12,2026,1282,25-02-2026 12.57,80000000,3449.12,Land,Commercial
80008396,Al Rowaiyah Second,46456.45,2026,343,14-01-2026 10.17,80008396,46456.44,Land,
81558759,Oud Metha,6888.24,2026,3019,30-06-2026 11.12,81558759,6888.24,Land,Commercial
82000000,Al Nahda Second,2569,2026,182,08-01-2026 12.48,82000000,2568.95,Land,Commercial
82257873,Al Satwa,4702.77,2026,1346,02-03-2026 12.36,82257873,4702.77,Land,Commercial
82289397,Marsa Dubai,8994.05,2026,1694,31-03-2026 10.29,82289397,8994.05,Land,Commercial
82663510,World Islands,63997.49,2026,1075,16-02-2026 9.36,82663510,63997.49,Land,Commercial
83312425,Oud Metha,7036.35,2026,3022,30-06-2026 11.18,83312425,7036.35,Land,Commercial
83999913,Nad Al Hamar,27870.91,2026,2471,20-05-2026 12.01,83999913,27870.91,Land,Industrial
84226845,Wadi Al Safa 4,4173.3,2026,253,12-01-2026 11.36,84226845,4173.3,Land,Residential
84658074,Bukadra,3575,2026,2049,21-04-2026 8.04,84658074,3575,Land,Sports Club
85000000,Al Thanyah First,3169.82,2026,1554,18-03-2026 12.41,85000000,3169.82,Land,Commercial
85000000,Al Goze Industrial First,6400.55,2026,1991,17-04-2026 10.47,85000000,6400.55,Land,Industrial
86247417,World Islands,57233.25,2026,1022,12-02-2026 13.14,86247417,57233.25,Land,Commercial
86870007,Wadi Al Safa 4,4281.43,2026,252,12-01-2026 11.33,86870007,4281.43,Land,Residential
87452974,Saih Shuaib 1,32498.62,2026,1370,04-03-2026 10.49,87452974,32498.62,Land,
87508699,Al Saffa First,3387.43,2026,1962,16-04-2026 11.41,87508699,3387.43,Land,
87983812,Jabal Ali First,10547.06,2026,1763,03-04-2026 12.38,87983812,10547.06,Land,Commercial
88026485,World Islands,81779.36,2026,1038,13-02-2026 8.17,88026485,81779.36,Land,Commercial
88445750,World Islands,58692.05,2026,1012,12-02-2026 12.14,88445750,58692.05,Land,Commercial
88637371,Al Jadaf,4732.58,2026,504,20-01-2026 17.37,88637371,4732.58,Land,Commercial
88878642,Palm Jumeirah,1619.04,2026,2909,25-06-2026 9.38,88878642,1619.04,Land,Commercial
89354040,Jumeirah First,8301.27,2026,1267,25-02-2026 9.35,89354040,8301.27,Land,Residential
89927083,Saih Shuaib 2,33418.03,2026,1647,26-03-2026 12.31,89927083,33418.03,Land,Industrial
89980112,Al Thanyah First,4644.13,2026,1951,16-04-2026 10.13,89980112,4644.13,Land,
90000000,Al Rowaiyah First,4393.24,2026,1930,14-04-2026 12.38,90000000,4393.24,Land,Residential
90000000,Ras Al Khor Industrial First,5440.03,2026,1385,05-03-2026 10.11,90000000,5440.03,Land,Warehouse
90046051,Al Khairan First,41827.8,2026,1969,16-04-2026 13.38,90046051,41827.8,Land,Residential
90438288,Al Barsha First,5251.25,2026,2400,18-05-2026 9.07,90438288,5251.25,Land,Commercial
90536885,Al Raffa,5607.44,2026,976,11-02-2026 12.40,90536885,5607.44,Land,Commercial
91283968,World Islands,62819.01,2026,1021,12-02-2026 13.11,91283968,62819.01,Land,Commercial
91421549,Oud Metha,7077.79,2026,3020,30-06-2026 11.13,91421549,7077.79,Land,Commercial
91683000,Al Yelayiss 1,77433.07,2026,2087,22-04-2026 12.46,91683000,77433.07,Land,Residential
91916363,World Islands,65687.06,2026,989,12-02-2026 9.09,91916363,65687.06,Land,Commercial
92015600,World Islands,71237.81,2026,999,12-02-2026 9.34,92015600,71237.81,Land,Commercial
92111125,World Islands,61124.37,2026,1025,12-02-2026 13.25,92111125,61124.37,Land,Commercial
92977040,Wadi Al Safa 5,4785.29,2026,1625,25-03-2026 12.47,92977040,4798.81,Land,Commercial
93000000,Al Barsha South Fourth,19993.49,2026,2281,06-05-2026 15.03,93000000,19993.49,Building,Building
93591443,Nad Al Shiba Fourth,43474.69,2026,1718,01-04-2026 8.10,93591443,43474.69,Land,Clinic
93958126,Al Barshaa South Third,14548.34,2026,1795,07-04-2026 8.56,93958126,14548.34,Land,
93985854,Oud Metha,7937.8,2026,3021,30-06-2026 11.15,93985854,7937.8,Land,Commercial
94611826,Wadi Al Safa 4,3959.34,2026,251,12-01-2026 11.27,94611826,3959.34,Land,Residential
95000000,AL QUSAIS,2787.09,2026,1990,17-04-2026 10.24,95000000,2787.09,Land,Residential
95000000,Al Goze Industrial First,4446.53,2026,2861,24-06-2026 8.11,95000000,4446.53,Land,Commercial
95000000,Al Thanyah First,1974.65,2026,1972,16-04-2026 14.28,95000000,1974.65,Land,Commercial
95000000,Jumeirah First,4386.88,2026,568,23-01-2026 10.13,95000000,4386.88,Land,Residential
95484135,Marsa Dubai,3548.31,2026,1968,16-04-2026 12.48,95484135,3548.31,Land,Residential Flats
95637424,Jabal Ali Industrial First,44425.08,2026,2771,17-06-2026 15.04,95637424,44425.08,Land,Industrial
95795692,World Islands,74164.33,2026,1019,12-02-2026 13.06,95795692,74164.33,Land,Commercial
96000000,Al Barsha First,1506.7,2026,1036,12-02-2026 22.43,96000000,1506.7,Land,Commercial
96960296,Wadi Al Safa 3,5147.38,2026,979,11-02-2026 13.23,96960296,5147.38,Land,Residential
98041820,Ras Al Khor Industrial First,5283.29,2026,1785,06-04-2026 13.15,98041820,5283.29,Land,Commercial
98103799,Jumeirah First,3038.05,2026,86,06-01-2026 10.00,98103799,3038.05,Land,General Use
98504878,Al Goze Industrial Third,16638.93,2026,2055,21-04-2026 10.28,98504878,16638.93,Land,Industrial
98534000,Al Goze Fourth,26154.62,2026,1683,31-03-2026 7.38,98534000,26154.62,Land,
99504699,Rega Al Buteen,4019.26,2026,1213,23-02-2026 12.56,99504699,4019.26,Land,Commercial
100000000,Al Goze Third,5462.7,2026,570,23-01-2026 10.22,100000000,5462.7,Land,Industrial
100000000,Wadi Al Amardi,15349.72,2026,886,09-02-2026 9.59,100000000,15349.72,Land,General Use
100568598,Palm Deira,7474.51,2026,702,02-02-2026 8.11,100568598,7474.51,Land,Commercial
100649596,Palm Deira,7480.53,2026,695,30-01-2026 10.27,100649596,7480.53,Land,Commercial
100666637,Al Murqabat,12345.79,2026,1714,01-04-2026 7.47,100666637,12345.79,Land,Organizations
101812339,Wadi Al Safa 4,4203.86,2026,2033,20-04-2026 11.16,101812339,4203.86,Land,Residential
102454191,World Islands,100192.79,2026,1039,13-02-2026 8.23,102454191,100192.79,Land,Commercial
102496006,Wadi Al Safa 4,6223.66,2026,2034,20-04-2026 11.25,102496006,6223.66,Land,Residential
103000000,Business Bay,2724.44,2026,2144,27-04-2026 9.41,103000000,2724.44,Unit,Flat
103191098,Bukadra,3994.49,2026,857,06-02-2026 8.54,103191098,3994.49,Land,Sports Club
103593330,World Islands,68743.89,2026,995,12-02-2026 9.24,103593330,68743.89,Land,Commercial
104353858,Jabal Ali Industrial First,48474,2026,2770,17-06-2026 14.59,104353858,48474,Land,Industrial
104378238,Wadi Al Safa 2,4617.65,2026,1574,23-03-2026 12.42,104378238,4617.65,Land,Residential
104424846,Al Goze First,19402.79,2026,2111,23-04-2026 10.50,104424846,19402.79,Land,Industrial
104739976,World Islands,67108.08,2026,994,12-02-2026 9.22,104739976,67108.08,Land,Commercial
105000000,Business Bay,2782.64,2026,2143,27-04-2026 9.38,105000000,2782.64,Unit,Flat
105443819,Al Jadaf,5629.92,2026,718,02-02-2026 10.26,105443819,5629.92,Land,Commercial
105453116,Al Yelayiss 1,89062.95,2026,2090,22-04-2026 12.54,105453116,89062.95,Land,Residential
105464046,Bukadra,2721.65,2026,2676,09-06-2026 18.25,105464046,2721.65,Land,Sports Club
105901276,Palm Jumeirah,1910.4,2026,2911,25-06-2026 9.41,105901276,1910.4,Land,Commercial
106269224,Al Warsan Third,131636.58,2026,1655,27-03-2026 10.01,106269224,131636.58,Land,
106565823,Al Warsan Second,66001.99,2026,2401,18-05-2026 11.20,106565823,66001.99,Land,Electricity Station
107671152,Palm Jumeirah,1961.37,2026,2906,25-06-2026 9.32,107671152,1961.37,Land,Commercial
107857464,Palm Jumeirah,1926.98,2026,2912,25-06-2026 9.44,107857464,1926.98,Land,Commercial
108374794,World Islands,83902.98,2026,997,12-02-2026 9.29,108374794,83902.98,Land,Commercial
108383060,Palm Jumeirah,1955.17,2026,2907,25-06-2026 9.33,108383060,1955.17,Land,Commercial
108439576,Palm Jumeirah,1937.38,2026,2908,25-06-2026 9.36,108439576,1937.38,Land,Commercial
109794880,Business Bay,3187.59,2026,956,11-02-2026 11.05,109794880,3187.59,Land,Residential
109807119,Al Buteen,1360.19,2026,2563,03-06-2026 8.43,109807119,1360.19,Land,Commercial
110000000,Mankhool,2504.43,2026,2207,01-05-2026 11.21,110000000,2504.43,Land,Commercial
110000000,Al Warqa First,5574.23,2026,1335,02-03-2026 10.04,110000000,5574.23,Land,
110000000,Al Satwa,13679.88,2026,2013,17-04-2026 15.04,110000000,13679.51,Land,School
110587022,Jumeirah First,718.67,2026,1698,31-03-2026 10.53,110587022,15805.97,Land,Residential
111473889,World Islands,79663.64,2026,998,12-02-2026 9.32,111473889,79663.64,Land,Commercial
112242458,World Islands,80212.89,2026,987,12-02-2026 9.02,112242458,80212.89,Land,Commercial
113263342,Wadi Al Safa 4,15032.17,2026,256,12-01-2026 11.51,113263342,15032.17,Land,Residential
114543019,Al Jafliya,6259.65,2026,2461,20-05-2026 8.35,114543019,6259.65,Land,BANK
114597431,Al Merkadh,4839.3,2026,1490,13-03-2026 14.12,114597431,4839.3,Land,Residential
115000000,Al Hebiah First,10673.22,2026,1287,26-02-2026 8.25,115000000,10673.22,Land,Commercial
115000000,Rega Al Buteen,1466.01,2026,754,02-02-2026 21.54,115000000,1466.01,Land,Commercial
115048288,Ghadeer Al tair,35627.82,2026,1230,24-02-2026 9.29,115048288,35627.82,Land,Commercial
117152177,World Islands,80620.77,2026,1011,12-02-2026 12.02,117152177,80620.77,Land,Commercial
119882969,Madinat Hind 1,8567.31,2026,350,14-01-2026 11.10,119882969,8567.31,Land,
119999832,Trade Center Second,929.03,2026,1652,26-03-2026 15.07,119999832,929.03,Land,Commercial
120000000,Mankhool,3722.07,2026,221,09-01-2026 9.59,120000000,3722.07,Land,Commercial
120000000,Al Jafliya,5443.37,2026,544,22-01-2026 10.20,120000000,5443.37,Land,
120000000,Palm Jumeirah,1533.14,2026,811,04-02-2026 12.33,120000000,1533.14,Land,Commercial
120000000,Jumeirah First,4683.61,2026,1033,12-02-2026 21.50,120000000,4683.61,Land,Residential
122060688,Al Thanyah Fifth,1889.97,2026,839,05-02-2026 11.31,122060688,1889.97,Land,Residential
123821017,Palm Jumeirah,2091.52,2026,2913,25-06-2026 9.48,123821017,2091.52,Land,Commercial
124804121,Nad Al Shiba Second,17837.99,2026,1154,18-02-2026 11.43,124804121,17837.99,Land,Shopping Mall
124904993,Wadi Al Amardi,96700.54,2026,411,15-01-2026 13.33,124904993,96700.54,Land,Agricultural
125000000,Hor Al Anz East,3716.12,2026,571,23-01-2026 10.26,125000000,3716.12,Land,Commercial
125114568,Palm Jumeirah,2113.37,2026,2910,25-06-2026 9.40,125114568,2113.37,Land,Commercial
125250000,Zaabeel First,36471.23,2026,819,05-02-2026 9.10,125250000,36471.23,Land,Organizations
125412954,Wadi Al Safa 3,6472.92,2026,2835,22-06-2026 12.29,125412954,6472.92,Land,Residential
125477602,World Islands,97143.85,2026,1016,12-02-2026 12.37,125477602,97143.85,Land,Commercial
126116203,Um Suqaim Second,11716.59,2026,733,02-02-2026 13.13,126116203,11716.59,Land,
127581213,Al Thanyah First,5644.14,2026,242,12-01-2026 8.40,127581213,5644.14,Land,Commercial
130000000,AL TWAR FIFTH,5167.27,2026,261,12-01-2026 13.09,130000000,5167.27,Land,Commercial
130000000,Al Mizhar First,33758.72,2026,161,07-01-2026 14.39,130000000,33758.72,Land,Residential
130013876,Jumeirah Second,5032.79,2026,1372,04-03-2026 11.13,130013876,5032.79,Land,
130271639,World Islands,86447.45,2026,1017,12-02-2026 12.44,130271639,86447.45,Land,Commercial
130862744,Nad Al Shiba First,23838.35,2026,336,14-01-2026 8.46,130862744,23838.35,Land,Sports Club
131038104,Al Jafliya,4682.25,2026,2326,12-05-2026 9.59,131038104,4682.25,Land,Commercial
131212306,Muhaisanah Second,39322.69,2026,830,05-02-2026 11.02,131212306,39322.69,Land,Hospital
131335219,World Islands,93857.33,2026,996,12-02-2026 9.27,131335219,93857.33,Land,Commercial
132225405,Palm Deira,40947.18,2026,1237,24-02-2026 9.52,132225405,40947.18,Land,Commercial
134280288,Nad Al Shiba First,24460.9,2026,333,14-01-2026 8.38,134280288,24460.9,Land,Sports Club
135000000,Rega Al Buteen,1970.29,2026,548,22-01-2026 12.32,135000000,1970.29,Land,Commercial
135000000,Al Satwa,2722.75,2026,2997,29-06-2026 14.33,135000000,2722.75,Land,
135000000,Al Barshaa South Third,5557.18,2026,547,22-01-2026 11.28,135000000,5557.18,Land,Residential
137072667,Saih Shuaib 2,70747.11,2026,2052,21-04-2026 9.15,137072667,70747.11,Land,Industrial
140355874,Al Qusais Industrial First,52158,2026,1376,04-03-2026 12.10,140355874,52158,Land,
142409755,Al Jadaf,5629.92,2026,2435,19-05-2026 11.41,142409755,5629.92,Land,Commercial
145000000,Um Suqaim Second,12319.41,2026,1912,13-04-2026 14.16,145000000,12319.41,Land,Residential / Villas
148296941,Wadi Al Safa 3,13777.25,2026,2951,26-06-2026 10.15,148296941,13777.25,Land,
148968170,Al Ttay,152645.73,2026,2076,22-04-2026 9.53,148968170,152645.73,Land,
150000000,Mirdif,7690.14,2026,2521,25-05-2026 13.23,150000000,7690.14,Land,Commercial
150696753,Wadi Al Safa 4,14000.2,2026,257,12-01-2026 11.53,150696753,14000.2,Land,Residential
150891256,Al Goze Industrial Second,40052.2,2026,2849,23-06-2026 11.14,150891256,40052.2,Land,
150934619,Al Yelayiss 2,40063.71,2026,1779,06-04-2026 12.27,150934619,40063.71,Land,
152903675,Al Safouh Second,28410.46,2026,166,08-01-2026 9.53,152903675,28410.46,Land,Residential
154170599,Al Jadaf,9946.48,2026,1727,01-04-2026 12.36,154170599,9946.48,Land,Commercial
154173783,Nad Al Shiba First,47744.09,2026,2818,19-06-2026 13.54,154173783,47744.09,Land,Residential
155000000,Al Karama,5561.27,2026,2599,04-06-2026 12.58,155000000,5561.27,Land,Commercial
156024227,Al Barsha South Fourth,5368.57,2026,2984,29-06-2026 10.33,156024227,5368.57,Land,Commercial
156839342,Al Hebiah Second,34284.39,2026,1581,24-03-2026 7.30,156839342,34284.39,Land,Land
158751681,Al Jadaf,9217.83,2026,901,09-02-2026 13.00,158751681,9217.83,Land,Commercial
158751681,Al Jadaf,9217.83,2026,663,28-01-2026 12.58,158751681,9217.83,Land,Commercial
159109126,World Islands,113705.66,2026,992,12-02-2026 9.18,159109126,113705.66,Land,Commercial
159999845,Jabal Ali Industrial First,92903.04,2026,3034,30-06-2026 13.45,159999845,92903.04,Land,Industrial
160000000,Al Murqabat,5857.63,2026,22,02-01-2026 14.09,160000000,5857.63,Land,Commercial
162734991,Al Thanyah Fifth,2629.32,2026,1296,26-02-2026 10.47,162734991,2629.32,Land,Residential
165000000,Al Murqabat,4430.55,2026,2077,22-04-2026 10.24,165000000,4430.54,Land,Commercial
168105323,Business Bay,6548.8,2026,2786,18-06-2026 10.30,168105322.7,6548.8,Unit,Shop
170000000,Al Goze Industrial Third,4494.65,2026,2247,05-05-2026 11.23,170000000,4494.65,Land,Commercial
175000000,Palm Jumeirah,2702.85,2026,2097,22-04-2026 13.25,175000000,2702.85,Land,Commercial
175000000,Wadi Al Amardi,15349.72,2026,2188,29-04-2026 12.48,175000000,15349.72,Land,General Use
177703755,Al Qusais Industrial Second,140936.45,2026,90,06-01-2026 11.19,177703755,165092.35,Land,School
179869414,Nad Al Shiba First,47744.09,2026,2403,18-05-2026 12.30,179869414,47744.09,Land,Residential
179999748,Burj Khalifa,929.03,2026,2191,29-04-2026 13.38,179999748,929.03,Land,Commercial
180000000,Al Bada,3592.47,2026,1994,17-04-2026 11.18,180000000,3592.47,Land,Residential
182203172,World Islands,135417.96,2026,991,12-02-2026 9.15,182203172,135417.96,Land,Commercial
185441761,Jabal Ali Industrial Second,8028.13,2026,509,21-01-2026 9.19,185441761,17228.12,Land,Residential
190000000,Al Saffa First,10905.05,2026,2347,12-05-2026 11.48,190000000,10905.05,Land,
190000000,Al Saffa First,10800.27,2026,2348,12-05-2026 11.58,190000000,10800.27,Land,
197068000,Al Goze Fourth,26154.62,2026,1964,16-04-2026 11.51,197068000,26154.62,Land,
200000000,Al Garhoud,14845.91,2026,1940,15-04-2026 9.16,200000000,14845.91,Land,Commercial
202699506,World Islands,251085.58,2026,1082,16-02-2026 9.55,202699506,251085.58,Land,Commercial
212775936,Marsa Dubai,4047.41,2026,1277,25-02-2026 11.24,212775936,4047.41,Land,Residential Flats
224569398,Al Qusais Industrial First,52158,2026,156,07-01-2026 13.18,224569398,52158,Land,
224999782,Al Kheeran,46451.52,2026,2590,04-06-2026 9.02,224999782,46451.52,Land,Industrial
225000000,Al Nahda First,2322.58,2026,95,06-01-2026 12.19,225000000,2322.58,Land,Commercial
225159045,Al Barsha First,23242.2,2026,908,09-02-2026 13.49,225159045,23242.2,Land,School
226693262,Hadaeq Sheikh Mohammed Bin Rashid,131628.21,2026,1937,15-04-2026 8.45,226693262,131628.21,Land,
230000000,Al Nahda Second,6015.47,2026,1901,13-04-2026 12.13,230000000,6015.47,Land,Commercial
232978846,Madinat Al Mataar,54111.16,2026,24,02-01-2026 18.06,232978846,54111.16,Land,Airport
238127521,Al Jadaf,9217.83,2026,2432,19-05-2026 11.30,238127521,9217.83,Land,Commercial
241576791,Madinat Al Mataar,56108.1,2026,25,02-01-2026 18.20,241576791,56108.1,Land,Airport
245000000,Hor Al Anz East,11287.72,2026,572,23-01-2026 10.30,245000000,11287.72,Land,Residential
250000000,Jumeirah Second,11489.88,2026,2284,07-05-2026 10.27,250000000,11489.88,Land,Residential
255244899,Al Satwa,4742.61,2026,2166,28-04-2026 10.05,255244899,4742.61,Land,Commercial
270000591,Business Bay,1393.55,2026,2038,20-04-2026 13.02,270000591,1393.55,Land,General Use
271808881,Marsa Dubai,31175.18,2026,2255,05-05-2026 13.45,271808881,31175.18,Land,Commercial
280104664,Jabal Ali First,144570,2026,2065,21-04-2026 12.42,280104664,144570,Land,Residential Flats
286717950,Shandagha,53273.99,2026,2579,03-06-2026 14.46,286717950,53273.99,Land,General Services
290309925,OUD AL MUTEENA,176707.9,2026,1715,01-04-2026 7.53,290309925,176707.9,Land,
291543521,Jumeirah Second,7919.68,2026,905,09-02-2026 13.42,291543521,7919.68,Land,General Use
295000825,Trade Center First,1096.26,2026,2999,29-06-2026 15.05,295000825,1096.26,Land,Commercial
297955451,Al Qusais Industrial Fifth,62911.35,2026,724,02-02-2026 11.47,297955451,62911.35,Land,Labor Camp
300000000,Al Bada,7098.16,2026,93,06-01-2026 12.06,300000000,7098.16,Land,
300000657,Business Bay,1393.55,2026,2711,11-06-2026 22.16,300000657,1393.55,Land,Commercial
301397682,Oud Metha,46667.98,2026,2591,04-06-2026 9.17,301397682,46667.98,Land,Commercial
310000000,Mirdif,11541.35,2026,2189,29-04-2026 12.59,310000000,11541.35,Land,hospital/Nursing School
312417451,Al Hebiah Second,96748.53,2026,530,21-01-2026 13.21,312417451,96748.53,Land,Residential Flats
315000000,Trade Center First,929.03,2026,755,02-02-2026 22.11,315000000,929.03,Land,Commercial
323166533,Al Yelayiss 1,283237.57,2026,2089,22-04-2026 12.52,323166533,283237.57,Land,Residential
324000709,Trade Center First,1393.55,2026,1244,24-02-2026 11.47,324000709,1393.55,Land,Commercial
330000000,Al Jadaf,2561.15,2026,1085,16-02-2026 10.32,330000000,2561.15,Land,Commercial
335000000,Trade Center First,929.03,2026,1800,07-04-2026 11.53,335000000,929.03,Land,Commercial
341582847,Al Qusais Industrial Fifth,72122.99,2026,734,02-02-2026 13.23,341582847,72122.99,Land,Labor Camp
350000000,Business Bay,4800.02,2026,1744,02-04-2026 8.46,350000000,4800.02,Land,Residential
353459187,Jumeirah Second,6957.09,2026,904,09-02-2026 13.39,353459187,6957.09,Land,General Use
360536831,Al Kifaf,9570,2026,1820,08-04-2026 12.15,360536831,9570,Land,Commercial
370000000,Marsa Dubai,3840.61,2026,2059,21-04-2026 11.47,370000000,3840.61,Land,Commercial
371847601,Al Yelayiss 1,325903.83,2026,2091,22-04-2026 12.56,371847601,325903.83,Land,Residential
380000000,Burj Khalifa,929.03,2026,168,08-01-2026 10.03,380000000,929.03,Land,Commercial
387337973,Jumeirah Second,23989.94,2026,1295,26-02-2026 10.15,387337973,23989.94,Land,General Use
388745326,Um Hurair Second,55562.55,2026,1756,02-04-2026 15.03,388745326,55562.55,Land,Commercial
400000000,Al Mamzer,10182.45,2026,639,27-01-2026 9.31,400000000,10182.45,Land,Commercial
416777444,Al Thanyah Fifth,20378.91,2026,1862,09-04-2026 13.48,416777444,20378.91,Land,Commercial
420000000,Business Bay,5515.28,2026,2333,12-05-2026 10.39,420000000,5515.28,Land,Commercial
424149327,Al Wasl,7880.96,2026,2759,17-06-2026 10.12,424149327,7880.96,Land,Commercial
430000000,Al Mamzer,7625.48,2026,1836,09-04-2026 8.41,430000000,7625.48,Land,Residential
442650862,Palm Deira,91385.89,2026,1577,23-03-2026 13.34,442650862,91385.89,Land,Commercial
446761526,Wadi Al Safa 4,144115.87,2026,1161,18-02-2026 12.59,446761526,144115.87,Land,Residential
446761526,Wadi Al Safa 4,144115.87,2026,2604,04-06-2026 13.47,446761526,144115.87,Land,Residential
452059689,Trade Center Second,11999.36,2026,2225,04-05-2026 10.47,452059689,11999.36,Land,Commercial
453708556,Hadaeq Sheikh Mohammed Bin Rashid,271941.58,2026,1938,15-04-2026 8.49,453708556,271941.58,Land,General Use
492875464,Al Yelayiss 1,440285.32,2026,2088,22-04-2026 12.50,492875464,440285.32,Land,Residential
495656605,Business Bay,10232.9,2026,3003,30-06-2026 7.55,495656605,10232.9,Land,General Use
498251523,Al-Cornich,71214.04,2026,487,20-01-2026 12.01,498251523,71214.04,Land,Commercial
507078438,Saih Shuaib 2,168247.05,2026,923,10-02-2026 9.32,507078438,168247.05,Land,Industrial
512918812,Madinat Al Mataar,227290.8,2026,659,28-01-2026 10.08,512918812,158839.21,Land,Airport
515000000,Al Rowaiyah Third,1000001.25,2026,1716,01-04-2026 7.59,515000000,1000001.25,Land,General Authority
518652326,Saih Shuaib 2,172087.23,2026,925,10-02-2026 9.39,518652326,172087.23,Land,Industrial
520290716,Al Kifaf,9120.12,2026,152,07-01-2026 13.00,520290716,9120.12,Land,Commercial
520714687,Al Thanyah Third,38393.68,2026,420,16-01-2026 8.05,520714687,38393.67,Land,Land
542856293,Me'Aisem First,96062.95,2026,820,05-02-2026 9.28,542856293,96062.95,Land,Residential Flats
550000000,Madinat Hind 1,72445.25,2026,354,14-01-2026 11.23,550000000,72445.25,Land,Residential
557229450,Al Warsan Third,147909.6,2026,2240,05-05-2026 9.30,557229450,147909.6,Land,Industrial
559999217,Wadi Al Safa 4,185806,2026,1644,26-03-2026 11.45,559999217,185806,Land,Residential
561423044,Um Hurair Second,86929.93,2026,1397,05-03-2026 12.31,561423044,86929.93,Land,General Services
580588997,Al Wasl,6345.71,2026,1431,10-03-2026 9.52,580588997,6346,Land,Commercial
602425936,Al Yelayiss 1,559672.55,2026,2094,22-04-2026 13.04,602425936,559672.55,Land,Residential
643436718,Al Yelayiss 1,597772.85,2026,2092,22-04-2026 12.58,643436718,597772.85,Land,Residential
671999060,Trade Center First,3716.12,2026,1421,09-03-2026 13.08,671999060,3716.12,Land,Commercial
671999060,Trade Center First,3716.12,2026,1421,09-03-2026 13.08,671999060,3716.12,Land,Commercial
695041384,Business Bay,10761.92,2026,3004,30-06-2026 8.00,695041384,10761.92,Land,Residential Flats
705422950,Trade Center First,8192,2026,1135,17-02-2026 10.43,705422950,8192,Land,Commercial
750000000,Al Barshaa South Third,25252.02,2026,2396,15-05-2026 20.39,750000000,25252.02,Land,Residential
750266477,Business Bay,87127.63,2026,2252,05-05-2026 12.51,750266477,87127.63,Land,Commercial
750266477,Business Bay,87127.63,2026,2252,05-05-2026 12.51,750266477,87127.63,Land,Commercial
800000000,AL QUSAIS,18339.06,2026,1097,16-02-2026 12.34,800000000,18339.06,Land,Commercial
825000000,Al Satwa,12235.33,2026,2058,21-04-2026 11.34,825000000,12253.91,Land,Commercial
869837497,Al Yelayiss 5,621620.2,2026,1949,16-04-2026 9.59,869837497,621620.2,Land,
893806787,Bukadra,31937.48,2026,1755,02-04-2026 14.25,893806787,31937.48,Land,Commercial / Offices / Residential
893806787,Bukadra,31937.48,2026,1755,02-04-2026 14.25,893806787,31937.48,Land,Commercial / Offices / Residential
900000000,Madinat Hind 1,120459.68,2026,352,14-01-2026 11.18,900000000,120459.68,Land,
916311281,Cornich Deira,141880.31,2026,2685,10-06-2026 10.38,916311281,141880.31,Land,Commercial
916730553,Al Yelayiss 1,946301.53,2026,2093,22-04-2026 12.59,916730553,946301.53,Land,Residential
1049698434,Mushrif,487601.35,2026,615,26-01-2026 12.54,1049698434,487601.35,Land,General Use
1245095107,Dubai Investment Park First,330494.95,2026,60,05-01-2026 13.31,1245095107,330494.95,Land,Commercial
1345527428,Al Twar First,498900,2026,2071,22-04-2026 9.04,1345527428,498900,Land,General Authority
1385839009,Hadaeq Sheikh Mohammed Bin Rashid,858325.21,2026,1936,15-04-2026 8.41,1385839009,858325.21,Land,Land
1671961732,Nad Al Shiba First,881236.94,2026,906,09-02-2026 13.48,1671961732,1035536.52,Land,Commercial / Offices / Residential
1800000000,Al Safouh Second,12704.35,2026,2316,11-05-2026 11.47,1800000000,12704.35,Land,Commercial
1852898059,Al Layan1,1324154.07,2026,726,02-02-2026 12.17,1852898059,1324154.07,Land,Labor Camp
2334525928,Umm Addamin,30983537.94,2026,1336,02-03-2026 10.27,2334525928,30983537.94,Land,Agricultural
2503508899,Hadaeq Sheikh Mohammed Bin Rashid,930335.25,2026,2730,16-06-2026 11.24,2503508899,930335.25,Land,General Use
3511935715,Burj Khalifa,326269.82,2026,1303,26-02-2026 12.13,3511935715,326269.82,Land,Commercial
9000000000,Port Saeed,125543.97,2026,2434,19-05-2026 11.39,9000000000,125543.97,Land,Commercial
,Al Karama,211.35,2026,1746,02-04-2026 10.48,1820000,211.35,Land,Commercial
